qnet_code,name,category,series_code,subjects_status,pass_criteria_status,fees_status,technical_schedule_rows,schedule_status,professional_detail_status,professional_series_status
0752,가스기술사,T,01,available,available,available,2,saved,not_applicable,not_applicable
0080,건설기계기술사,T,01,available,partial,available,4,saved,not_applicable,not_applicable
0740,건설안전기술사,T,01,available,available,available,6,saved,not_applicable,not_applicable
0490,건축구조기술사,T,01,available,available,available,6,saved,not_applicable,not_applicable
0501,건축기계설비기술사,T,01,available,available,available,6,saved,not_applicable,not_applicable
0510,건축시공기술사,T,01,available,available,available,6,saved,not_applicable,not_applicable
0502,건축전기설비기술사,T,01,available,available,available,6,saved,not_applicable,not_applicable
0511,건축품질시험기술사,T,01,available,available,available,2,saved,not_applicable,not_applicable
0760,공장관리기술사,T,01,available,available,available,2,saved,not_applicable,not_applicable
0071,공조냉동기계기술사,T,01,available,available,available,6,saved,not_applicable,not_applicable
0951,교통기술사,T,01,partial,partial,available,4,saved,not_applicable,not_applicable
0130,금속가공기술사,T,01,available,available,available,2,saved,not_applicable,not_applicable
0110,금속재료기술사,T,01,available,available,available,2,saved,not_applicable,not_applicable
0094,금속제련기술사,T,01,available,partial,available,2,saved,not_applicable,not_applicable
0012,금형기술사,T,01,available,available,available,4,saved,not_applicable,not_applicable
0872,기계기술사,T,01,available,available,available,2,saved,not_applicable,not_applicable
0710,기계안전기술사,T,01,available,available,available,4,saved,not_applicable,not_applicable
0891,기상예보기술사,T,01,available,available,available,2,saved,not_applicable,not_applicable
0470,농어업토목기술사,T,01,available,available,available,4,saved,not_applicable,not_applicable
0950,농화학기술사,T,01,available,available,available,2,saved,not_applicable,not_applicable
0920,대기관리기술사,T,01,available,available,available,2,saved,not_applicable,not_applicable
0420,도로및공항기술사,T,01,available,available,available,6,saved,not_applicable,not_applicable
0650,도시계획기술사,T,01,available,available,available,6,saved,not_applicable,not_applicable
0230,발송배전기술사,T,01,available,available,available,6,saved,not_applicable,not_applicable
0802,비파괴검사기술사,T,01,available,available,available,2,saved,not_applicable,not_applicable
0801,산림기술사,T,01,available,available,available,4,saved,not_applicable,not_applicable
0270,산업계측제어기술사,T,01,partial,available,available,2,saved,not_applicable,not_applicable
0060,산업기계설비기술사,T,01,available,available,available,2,saved,not_applicable,not_applicable
0751,산업위생관리기술사,T,01,available,available,available,4,saved,not_applicable,not_applicable
0460,상하수도기술사,T,01,available,available,available,6,saved,not_applicable,not_applicable
0551,섬유기술사,T,01,available,available,available,2,saved,not_applicable,not_applicable
0790,세라믹기술사,T,01,available,available,available,2,saved,not_applicable,not_applicable
0750,소방기술사,T,01,available,available,available,6,saved,not_applicable,not_applicable
0940,소음진동기술사,T,01,available,available,available,2,saved,not_applicable,not_applicable
0701,수산양식기술사,T,01,available,partial,available,2,saved,not_applicable,not_applicable
0810,수산제조기술사,T,01,available,available,available,2,saved,not_applicable,not_applicable
0451,수자원개발기술사,T,01,available,available,available,4,saved,not_applicable,not_applicable
0930,수질관리기술사,T,01,available,available,available,4,saved,not_applicable,not_applicable
0841,시설원예기술사,T,01,available,available,available,2,saved,not_applicable,not_applicable
0800,식품기술사,T,01,partial,partial,available,4,saved,not_applicable,not_applicable
0702,어업기술사,T,01,available,available,available,2,saved,not_applicable,not_applicable
0011,용접기술사,T,01,partial,available,available,4,saved,not_applicable,not_applicable
0561,의류기술사,T,01,available,available,available,2,saved,not_applicable,not_applicable
0875,인간공학기술사,T,01,available,available,available,2,saved,not_applicable,not_applicable
0938,자연환경관리기술사,T,01,available,available,available,4,saved,not_applicable,not_applicable
0730,전기안전기술사,T,01,available,available,available,4,saved,not_applicable,not_applicable
0250,전기응용기술사,T,01,available,available,available,4,saved,not_applicable,not_applicable
0432,전기철도기술사,T,01,available,available,available,4,saved,not_applicable,not_applicable
0301,전자응용기술사,T,01,available,available,available,2,saved,not_applicable,not_applicable
0601,정보관리기술사,T,01,available,partial,available,6,saved,not_applicable,not_applicable
0960,제품디자인기술사,T,01,available,available,available,2,saved,not_applicable,not_applicable
0670,조경기술사,T,01,available,available,available,4,saved,not_applicable,not_applicable
0320,조선기술사,T,01,available,available,available,2,saved,not_applicable,not_applicable
0840,종자기술사,T,01,available,available,available,2,saved,not_applicable,not_applicable
0690,지적기술사,T,01,available,available,available,4,saved,not_applicable,not_applicable
0825,지질및지반기술사,T,01,available,partial,available,4,saved,not_applicable,not_applicable
0050,차량기술사,T,01,available,available,available,4,saved,not_applicable,not_applicable
0430,철도기술사,T,01,available,available,available,6,saved,not_applicable,not_applicable
0261,철도신호기술사,T,01,partial,available,available,4,saved,not_applicable,not_applicable
0431,철도차량기술사,T,01,available,partial,available,4,saved,not_applicable,not_applicable
0851,축산기술사,T,01,available,partial,available,2,saved,not_applicable,not_applicable
0680,측량및지형공간정보기술사,T,01,available,available,available,4,saved,not_applicable,not_applicable
0622,컴퓨터시스템응용기술사,T,01,available,available,available,4,saved,not_applicable,not_applicable
0400,토목구조기술사,T,01,available,available,available,6,saved,not_applicable,not_applicable
0480,토목시공기술사,T,01,available,available,available,6,saved,not_applicable,not_applicable
0481,토목품질시험기술사,T,01,available,available,available,4,saved,not_applicable,not_applicable
0948,토양환경기술사,T,01,available,available,available,2,saved,not_applicable,not_applicable
0390,토질및기초기술사,T,01,available,available,available,6,saved,not_applicable,not_applicable
0970,폐기물처리기술사,T,01,available,available,available,2,saved,not_applicable,not_applicable
0780,포장기술사,T,01,partial,partial,available,2,saved,not_applicable,not_applicable
0120,표면처리기술사,T,01,available,available,available,2,saved,not_applicable,not_applicable
0770,품질관리기술사,T,01,partial,partial,available,4,saved,not_applicable,not_applicable
0370,항공기관기술사,T,01,partial,available,available,2,saved,not_applicable,not_applicable
0360,항공기체기술사,T,01,available,available,available,2,saved,not_applicable,not_applicable
0410,항만및해안기술사,T,01,available,available,available,2,saved,not_applicable,not_applicable
0700,해양기술사,T,01,available,available,available,2,saved,not_applicable,not_applicable
0210,화공기술사,T,01,available,available,available,2,saved,not_applicable,not_applicable
0720,화공안전기술사,T,01,available,available,available,4,saved,not_applicable,not_applicable
0591,화약류관리기술사,T,01,available,available,available,2,saved,not_applicable,not_applicable
3375,가스기능장,T,02,available,available,available,4,saved,not_applicable,not_applicable
3120,건설기계정비기능장,T,02,available,available,available,4,saved,not_applicable,not_applicable
3611,건축목재시공기능장,T,02,available,available,available,2,saved,not_applicable,not_applicable
3621,건축일반시공기능장,T,02,available,available,available,2,saved,not_applicable,not_applicable
3770,귀금속가공기능장,T,02,available,available,available,2,saved,not_applicable,not_applicable
3221,금속재료기능장,T,02,available,available,available,4,saved,not_applicable,not_applicable
3061,금형기능장,T,02,available,available,available,2,saved,not_applicable,not_applicable
3021,기계가공기능장,T,02,available,available,available,4,saved,not_applicable,not_applicable
3924,미용장,T,02,available,available,available,4,saved,not_applicable,not_applicable
3081,배관기능장,T,02,available,available,available,4,saved,not_applicable,not_applicable
9773,산림기능장,T,02,available,available,available,2,saved,not_applicable,not_applicable
3270,압연기능장,T,02,available,available,available,4,saved,not_applicable,not_applicable
3170,에너지관리기능장,T,02,available,available,available,4,saved,not_applicable,not_applicable
3100,용접기능장,T,02,available,available,available,4,saved,not_applicable,not_applicable
3360,위험물기능장,T,02,available,available,available,4,saved,not_applicable,not_applicable
3925,이용장,T,02,available,available,available,4,saved,not_applicable,not_applicable
3110,자동차정비기능장,T,02,available,available,available,4,saved,not_applicable,not_applicable
3911,잠수기능장,T,02,available,available,available,2,saved,not_applicable,not_applicable
3380,전기기능장,T,02,available,available,available,4,saved,not_applicable,not_applicable
3410,전자기능장,T,02,available,available,available,4,saved,not_applicable,not_applicable
3240,제강기능장,T,02,available,available,available,4,saved,not_applicable,not_applicable
3923,제과기능장,T,02,available,available,available,4,saved,not_applicable,not_applicable
3230,제선기능장,T,02,available,available,available,4,saved,not_applicable,not_applicable
3922,조리기능장,T,02,available,available,available,4,saved,not_applicable,not_applicable
3200,주조기능장,T,02,available,available,available,4,saved,not_applicable,not_applicable
3150,철도차량정비기능장,T,02,available,available,available,4,saved,not_applicable,not_applicable
3095,판금제관기능장,T,02,available,available,available,2,saved,not_applicable,not_applicable
3210,표면처리기능장,T,02,available,available,available,2,saved,not_applicable,not_applicable
3643,한복기능장,T,02,available,available,available,2,saved,not_applicable,not_applicable
2177,3D프린터개발산업기사,T,03,available,available,available,2,saved,not_applicable,not_applicable
2142,가구제작산업기사,T,03,available,available,available,2,saved,not_applicable,not_applicable
1471,가스기사,T,03,available,available,available,6,saved,not_applicable,not_applicable
2471,가스산업기사,T,03,available,available,available,6,saved,not_applicable,not_applicable
2044,객화차정비산업기사,T,03,unavailable,unavailable,available,0,failed,not_applicable,not_applicable
1040,건설기계설비기사,T,03,available,available,available,6,saved,not_applicable,not_applicable
2040,건설기계설비산업기사,T,03,available,available,available,2,saved,not_applicable,not_applicable
1050,건설기계정비기사,T,03,available,available,available,2,saved,not_applicable,not_applicable
2050,건설기계정비산업기사,T,03,available,available,available,4,saved,not_applicable,not_applicable
1440,건설안전기사,T,03,available,available,available,6,saved,not_applicable,not_applicable
2390,건설안전산업기사,T,03,available,available,available,6,saved,not_applicable,not_applicable
1750,건설재료시험기사,T,03,available,available,available,6,saved,not_applicable,not_applicable
2600,건설재료시험산업기사,T,03,available,available,available,4,saved,not_applicable,not_applicable
1630,건축기사,T,03,available,available,available,6,saved,not_applicable,not_applicable
2253,건축목공산업기사,T,03,available,available,available,2,saved,not_applicable,not_applicable
2530,건축산업기사,T,03,available,available,available,6,saved,not_applicable,not_applicable
1632,건축설비기사,T,03,available,available,available,6,saved,not_applicable,not_applicable
2531,건축설비산업기사,T,03,available,available,available,6,saved,not_applicable,not_applicable
2251,건축일반시공산업기사,T,03,available,available,available,2,saved,not_applicable,not_applicable
2331,공간정보융합산업기사,T,03,available,available,available,2,saved,not_applicable,not_applicable
9777,공공조달관리사,T,03,available,available,available,1,saved,not_applicable,not_applicable
1730,공조냉동기계기사,T,03,available,available,available,6,saved,not_applicable,not_applicable
2590,공조냉동기계산업기사,T,03,available,available,available,6,saved,not_applicable,not_applicable
2108,광학기기산업기사,T,03,available,available,available,2,saved,not_applicable,not_applicable
1513,광학기사,T,03,available,available,available,2,saved,not_applicable,not_applicable
1751,교통기사,T,03,available,available,available,6,saved,not_applicable,not_applicable
2751,교통산업기사,T,03,unavailable,available,available,2,saved,not_applicable,not_applicable
9105,국제의료관광코디네이터,T,03,available,available,available,2,saved,not_applicable,not_applicable
1051,궤도장비정비기사,T,03,available,available,available,2,saved,not_applicable,not_applicable
2051,궤도장비정비산업기사,T,03,available,available,available,2,saved,not_applicable,not_applicable
2760,귀금속가공산업기사,T,03,available,available,available,2,saved,not_applicable,not_applicable
1027,그린전동자동차기사,T,03,available,available,available,4,saved,not_applicable,not_applicable
1104,금속재료기사,T,03,available,available,available,4,saved,not_applicable,not_applicable
2101,금속재료산업기사,T,03,available,available,available,6,saved,not_applicable,not_applicable
2031,기계설계산업기사,T,03,available,available,available,6,saved,not_applicable,not_applicable
2011,기계조립산업기사,T,03,available,available,available,2,saved,not_applicable,not_applicable
1601,기상감정기사,T,03,available,available,available,2,saved,not_applicable,not_applicable
1600,기상기사,T,03,available,available,available,4,saved,not_applicable,not_applicable
1582,농림토양평가관리기사,T,03,unavailable,unavailable,available,0,failed,not_applicable,not_applicable
2582,농림토양평가관리산업기사,T,03,unavailable,unavailable,available,0,failed,not_applicable,not_applicable
1023,농업기계기사,T,03,available,available,available,2,saved,not_applicable,not_applicable
2027,농업기계산업기사,T,03,available,available,available,4,saved,not_applicable,not_applicable
1442,농작업안전보건기사,T,03,available,available,available,2,saved,not_applicable,not_applicable
1617,누설비파괴검사기사,T,03,available,available,available,2,saved,not_applicable,not_applicable
1661,대기환경기사,T,03,available,available,available,6,saved,not_applicable,not_applicable
2571,대기환경산업기사,T,03,available,available,available,6,saved,not_applicable,not_applicable
1350,도시계획기사,T,03,available,available,available,6,saved,not_applicable,not_applicable
2391,디지털인쇄산업기사,T,03,available,available,available,2,saved,not_applicable,not_applicable
1177,로봇기구개발기사,T,03,available,available,available,2,saved,not_applicable,not_applicable
1178,로봇소프트웨어개발기사,T,03,available,available,available,2,saved,not_applicable,not_applicable
1179,로봇하드웨어개발기사,T,03,available,available,available,2,saved,not_applicable,not_applicable
9545,멀티미디어콘텐츠제작전문가,T,03,available,available,available,6,saved,not_applicable,not_applicable
2060,메카트로닉스산업기사,T,03,unavailable,unavailable,available,0,failed,not_applicable,not_applicable
1800,바이오화학제품제조기사,T,03,available,available,available,4,saved,not_applicable,not_applicable
2570,바이오화학제품제조산업기사,T,03,available,available,available,2,saved,not_applicable,not_applicable
2175,반도체커스텀레이아웃산업기사,T,03,available,available,available,2,saved,not_applicable,not_applicable
1611,방사선비파괴검사기사,T,03,available,available,available,4,saved,not_applicable,not_applicable
2611,방사선비파괴검사산업기사,T,03,available,available,available,2,saved,not_applicable,not_applicable
2630,방수산업기사,T,03,available,available,available,2,saved,not_applicable,not_applicable
1443,방재기사,T,03,available,available,available,4,saved,not_applicable,not_applicable
2041,배관산업기사,T,03,available,available,available,2,saved,not_applicable,not_applicable
1641,버섯산업기사,T,03,available,available,available,2,saved,not_applicable,not_applicable
2980,보석감정산업기사,T,03,available,available,available,2,saved,not_applicable,not_applicable
2880,보석디자인산업기사,T,03,available,available,available,2,saved,not_applicable,not_applicable
2975,복어조리산업기사,T,03,available,available,available,2,saved,not_applicable,not_applicable
2193,사무자동화산업기사,T,03,available,available,available,6,saved,not_applicable,not_applicable
1024,사출금형기사,T,03,available,available,available,2,saved,not_applicable,not_applicable
2028,사출금형산업기사,T,03,available,available,available,2,saved,not_applicable,not_applicable
9520,사회조사분석사1급,T,03,available,available,available,2,saved,not_applicable,not_applicable
9521,사회조사분석사2급,T,03,available,available,available,6,saved,not_applicable,not_applicable
1564,산림기사,T,03,available,available,available,6,saved,not_applicable,not_applicable
2481,산림산업기사,T,03,available,available,available,6,saved,not_applicable,not_applicable
1431,산업안전기사,T,03,available,available,available,6,saved,not_applicable,not_applicable
2381,산업안전산업기사,T,03,available,available,available,6,saved,not_applicable,not_applicable
1472,산업위생관리기사,T,03,available,available,available,6,saved,not_applicable,not_applicable
2472,산업위생관리산업기사,T,03,available,available,available,6,saved,not_applicable,not_applicable
1989,생물분류기사(동물),T,03,available,available,available,2,saved,not_applicable,not_applicable
1988,생물분류기사(식물),T,03,available,available,available,2,saved,not_applicable,not_applicable
1837,설비보전기사,T,03,available,available,available,6,saved,not_applicable,not_applicable
2035,설비보전산업기사,T,03,available,available,available,6,saved,not_applicable,not_applicable
1297,섬유기사,T,03,available,available,available,2,saved,not_applicable,not_applicable
2264,섬유디자인산업기사,T,03,available,available,available,2,saved,not_applicable,not_applicable
2277,섬유산업기사,T,03,available,available,available,2,saved,not_applicable,not_applicable
1900,소방설비기사(기계분야),T,03,available,available,available,6,saved,not_applicable,not_applicable
1910,소방설비기사(전기분야),T,03,available,available,available,6,saved,not_applicable,not_applicable
2900,소방설비산업기사(기계분야),T,03,available,available,available,6,saved,not_applicable,not_applicable
2910,소방설비산업기사(전기분야),T,03,available,available,available,6,saved,not_applicable,not_applicable
9537,소비자전문상담사1급,T,03,available,available,available,2,saved,not_applicable,not_applicable
9538,소비자전문상담사2급,T,03,available,available,available,4,saved,not_applicable,not_applicable
1663,소음진동기사,T,03,available,available,available,4,saved,not_applicable,not_applicable
2573,소음진동산업기사,T,03,available,available,available,2,saved,not_applicable,not_applicable
1625,수산양식기사,T,03,available,available,available,4,saved,not_applicable,not_applicable
2520,수산양식산업기사,T,03,available,available,available,2,saved,not_applicable,not_applicable
1540,수산제조기사,T,03,available,available,available,2,saved,not_applicable,not_applicable
1662,수질환경기사,T,03,available,available,available,6,saved,not_applicable,not_applicable
2572,수질환경산업기사,T,03,available,available,available,6,saved,not_applicable,not_applicable
9772,스마트공장산업기사,T,03,unavailable,unavailable,available,0,empty,not_applicable,not_applicable
9546,스포츠경영관리사,T,03,available,available,available,6,saved,not_applicable,not_applicable
1555,승강기기사,T,03,available,available,available,6,saved,not_applicable,not_applicable
2395,승강기산업기사,T,03,available,available,available,6,saved,not_applicable,not_applicable
1790,시각디자인기사,T,03,available,available,available,2,saved,not_applicable,not_applicable
2434,시각디자인산업기사,T,03,available,available,available,6,saved,not_applicable,not_applicable
1780,시설원예기사,T,03,available,available,available,2,saved,not_applicable,not_applicable
1562,식물보호기사,T,03,available,available,available,6,saved,not_applicable,not_applicable
2562,식물보호산업기사,T,03,available,available,available,6,saved,not_applicable,not_applicable
1541,식육가공기사,T,03,available,available,available,2,saved,not_applicable,not_applicable
2450,식품산업기사,T,03,available,available,available,6,saved,not_applicable,not_applicable
1530,식품안전기사,T,03,available,available,available,6,saved,not_applicable,not_applicable
2302,신발산업기사,T,03,available,available,available,2,saved,not_applicable,not_applicable
1114,신재생에너지발전설비기사(태양광),T,03,available,available,available,6,saved,not_applicable,not_applicable
2114,신재생에너지발전설비산업기사(태양광),T,03,available,available,available,6,saved,not_applicable,not_applicable
1282,실내건축기사,T,03,available,available,available,6,saved,not_applicable,not_applicable
2282,실내건축산업기사,T,03,available,available,available,6,saved,not_applicable,not_applicable
2972,양식조리산업기사,T,03,available,available,available,2,saved,not_applicable,not_applicable
2631,어로산업기사,T,03,available,available,available,2,saved,not_applicable,not_applicable
1626,어병기사,T,03,unavailable,unavailable,available,0,failed,not_applicable,not_applicable
1633,어업생산관리기사,T,03,available,available,available,2,saved,not_applicable,not_applicable
1340,에너지관리기사,T,03,available,available,available,6,saved,not_applicable,not_applicable
2960,에너지관리산업기사,T,03,available,available,available,6,saved,not_applicable,not_applicable
1028,온실가스관리기사,T,03,available,available,available,4,saved,not_applicable,not_applicable
1615,와전류비파괴검사기사,T,03,available,available,available,2,saved,not_applicable,not_applicable
1022,용접기사,T,03,available,available,available,4,saved,not_applicable,not_applicable
2026,용접산업기사,T,03,available,available,available,6,saved,not_applicable,not_applicable
2121,위험물산업기사,T,03,available,available,available,6,saved,not_applicable,not_applicable
1592,유기농업기사,T,03,available,available,available,6,saved,not_applicable,not_applicable
2592,유기농업산업기사,T,03,available,available,available,2,saved,not_applicable,not_applicable
1550,응용지질기사,T,03,available,available,available,4,saved,not_applicable,not_applicable
1176,의공기사,T,03,available,available,available,4,saved,not_applicable,not_applicable
2176,의공산업기사,T,03,available,available,available,2,saved,not_applicable,not_applicable
1301,의류기사,T,03,available,available,available,2,saved,not_applicable,not_applicable
9547,이러닝운영관리사,T,03,available,available,available,2,saved,not_applicable,not_applicable
1875,인간공학기사,T,03,available,available,available,6,saved,not_applicable,not_applicable
1391,인쇄설계기사,T,03,available,available,available,2,saved,not_applicable,not_applicable
1021,일반기계기사,T,03,available,available,available,6,saved,not_applicable,not_applicable
2973,일식조리산업기사,T,03,available,available,available,2,saved,not_applicable,not_applicable
1121,임베디드기사,T,03,unavailable,unavailable,available,2,saved,not_applicable,not_applicable
1590,임산가공기사,T,03,available,available,available,2,saved,not_applicable,not_applicable
9539,임상심리사1급,T,03,available,available,available,2,saved,not_applicable,not_applicable
9540,임상심리사2급,T,03,available,available,available,6,saved,not_applicable,not_applicable
1570,임업종묘기사,T,03,available,available,available,2,saved,not_applicable,not_applicable
1613,자기비파괴검사기사,T,03,available,available,available,4,saved,not_applicable,not_applicable
2613,자기비파괴검사산업기사,T,03,available,available,available,2,saved,not_applicable,not_applicable
1070,자동차정비기사,T,03,available,available,available,6,saved,not_applicable,not_applicable
2070,자동차정비산업기사,T,03,available,available,available,6,saved,not_applicable,not_applicable
2034,자동화설비산업기사,T,03,available,available,available,6,saved,not_applicable,not_applicable
1938,자연생태복원기사,T,03,available,available,available,6,saved,not_applicable,not_applicable
2938,자연생태복원산업기사,T,03,available,available,available,2,saved,not_applicable,not_applicable
2521,잠수산업기사,T,03,available,partial,available,2,saved,not_applicable,not_applicable
1160,전기공사기사,T,03,available,available,available,6,saved,not_applicable,not_applicable
2150,전기공사산업기사,T,03,available,available,available,6,saved,not_applicable,not_applicable
2151,전기기기산업기사,T,03,unavailable,unavailable,available,0,failed,not_applicable,not_applicable
1150,전기기사,T,03,available,available,available,6,saved,not_applicable,not_applicable
2140,전기산업기사,T,03,available,available,available,6,saved,not_applicable,not_applicable
1741,전기철도기사,T,03,available,available,available,2,saved,not_applicable,not_applicable
2036,전기철도산업기사,T,03,available,available,available,2,saved,not_applicable,not_applicable
1170,전자기사,T,03,available,available,available,6,saved,not_applicable,not_applicable
2170,전자산업기사,T,03,available,available,available,6,saved,not_applicable,not_applicable
2172,전자회로설계산업기사,T,03,unavailable,unavailable,available,0,failed,not_applicable,not_applicable
2104,정밀측정산업기사,T,03,available,available,available,4,saved,not_applicable,not_applicable
1125,정밀화학기사,T,03,available,available,available,2,saved,not_applicable,not_applicable
1320,정보처리기사,T,03,available,available,available,6,saved,not_applicable,not_applicable
2290,정보처리산업기사,T,03,available,available,available,6,saved,not_applicable,not_applicable
4223,제과산업기사,T,03,available,available,available,2,saved,not_applicable,not_applicable
4224,제빵산업기사,T,03,available,available,available,2,saved,not_applicable,not_applicable
1810,제판기사,T,03,unavailable,unavailable,available,0,failed,not_applicable,not_applicable
1512,제품디자인기사,T,03,available,available,available,2,saved,not_applicable,not_applicable
2432,제품디자인산업기사,T,03,available,available,available,2,saved,not_applicable,not_applicable
1370,조경기사,T,03,available,available,available,6,saved,not_applicable,not_applicable
2320,조경산업기사,T,03,available,available,available,6,saved,not_applicable,not_applicable
2220,조선산업기사,T,03,available,available,available,2,saved,not_applicable,not_applicable
1221,조선선체기사,T,03,available,available,available,2,saved,not_applicable,not_applicable
1222,조선의장기사,T,03,available,available,available,2,saved,not_applicable,not_applicable
1560,종자기사,T,03,available,available,available,6,saved,not_applicable,not_applicable
2470,종자산업기사,T,03,available,available,available,4,saved,not_applicable,not_applicable
2105,주조산업기사,T,03,available,available,available,2,saved,not_applicable,not_applicable
2974,중식조리산업기사,T,03,available,available,available,2,saved,not_applicable,not_applicable
1390,지적기사,T,03,available,available,available,6,saved,not_applicable,not_applicable
2340,지적산업기사,T,03,available,available,available,6,saved,not_applicable,not_applicable
9510,직업상담사1급,T,03,available,available,available,2,saved,not_applicable,not_applicable
9511,직업상담사2급,T,03,available,available,available,6,saved,not_applicable,not_applicable
2042,철도동력차기관정비산업기사,T,03,unavailable,unavailable,available,0,failed,not_applicable,not_applicable
2043,철도동력차전기정비산업기사,T,03,unavailable,unavailable,available,0,failed,not_applicable,not_applicable
1740,철도신호기사,T,03,available,available,available,4,saved,not_applicable,not_applicable
2160,철도신호산업기사,T,03,available,available,available,2,saved,not_applicable,not_applicable
2045,철도운송산업기사,T,03,available,available,available,4,saved,not_applicable,not_applicable
1030,철도차량기사,T,03,available,available,available,2,saved,not_applicable,not_applicable
2030,철도차량산업기사,T,03,available,available,available,2,saved,not_applicable,not_applicable
1760,철도토목기사,T,03,available,available,available,2,saved,not_applicable,not_applicable
1612,초음파비파괴검사기사,T,03,available,available,available,4,saved,not_applicable,not_applicable
2612,초음파비파괴검사산업기사,T,03,available,available,available,2,saved,not_applicable,not_applicable
1581,축산기사,T,03,available,available,available,6,saved,not_applicable,not_applicable
2491,축산산업기사,T,03,available,available,available,4,saved,not_applicable,not_applicable
1380,측량및지형공간정보기사,T,03,available,available,available,6,saved,not_applicable,not_applicable
2330,측량및지형공간정보산업기사,T,03,available,available,available,6,saved,not_applicable,not_applicable
1614,침투비파괴검사기사,T,03,available,available,available,6,saved,not_applicable,not_applicable
2614,침투비파괴검사산업기사,T,03,available,available,available,6,saved,not_applicable,not_applicable
9535,컨벤션기획사1급,T,03,available,available,available,2,saved,not_applicable,not_applicable
9536,컨벤션기획사2급,T,03,available,available,available,6,saved,not_applicable,not_applicable
1982,컬러리스트기사,T,03,available,available,available,6,saved,not_applicable,not_applicable
2982,컬러리스트산업기사,T,03,available,available,available,6,saved,not_applicable,not_applicable
1998,컴퓨터시스템기사,T,03,available,available,available,4,saved,not_applicable,not_applicable
2025,컴퓨터응용가공산업기사,T,03,available,available,available,6,saved,not_applicable,not_applicable
1048,콘크리트기사,T,03,available,available,available,6,saved,not_applicable,not_applicable
2048,콘크리트산업기사,T,03,available,available,available,4,saved,not_applicable,not_applicable
9541,텔레마케팅관리사,T,03,available,available,available,6,saved,not_applicable,not_applicable
1250,토목기사,T,03,available,available,available,6,saved,not_applicable,not_applicable
2240,토목산업기사,T,03,available,available,available,6,saved,not_applicable,not_applicable
1948,토양환경기사,T,03,available,available,available,6,saved,not_applicable,not_applicable
2012,판금제관산업기사,T,03,available,available,available,2,saved,not_applicable,not_applicable
2301,패션디자인산업기사,T,03,available,available,available,2,saved,not_applicable,not_applicable
2085,패션머천다이징산업기사,T,03,available,available,available,2,saved,not_applicable,not_applicable
1950,폐기물처리기사,T,03,available,available,available,6,saved,not_applicable,not_applicable
2950,폐기물처리산업기사,T,03,available,available,available,6,saved,not_applicable,not_applicable
1511,포장기사,T,03,available,available,available,2,saved,not_applicable,not_applicable
2431,포장산업기사,T,03,available,available,available,2,saved,not_applicable,not_applicable
2106,표면처리산업기사,T,03,available,available,available,2,saved,not_applicable,not_applicable
1500,품질경영기사,T,03,available,available,available,6,saved,not_applicable,not_applicable
2420,품질경영산업기사,T,03,available,available,available,6,saved,not_applicable,not_applicable
1025,프레스금형기사,T,03,available,available,unavailable,2,saved,not_applicable,not_applicable
2029,프레스금형산업기사,T,03,available,available,available,2,saved,not_applicable,not_applicable
2551,피아노조율산업기사,T,03,available,available,available,2,saved,not_applicable,not_applicable
2268,한복산업기사,T,03,unavailable,unavailable,available,0,empty,not_applicable,not_applicable
2971,한식조리산업기사,T,03,available,available,available,4,saved,not_applicable,not_applicable
1240,항공기사,T,03,available,available,available,2,saved,not_applicable,not_applicable
2230,항공산업기사,T,03,available,available,available,6,saved,not_applicable,not_applicable
1351,항로표지기사,T,03,available,available,available,2,saved,not_applicable,not_applicable
2351,항로표지산업기사,T,03,available,available,available,2,saved,not_applicable,not_applicable
1403,해양공학기사,T,03,available,available,available,2,saved,not_applicable,not_applicable
1402,해양자원개발기사,T,03,available,available,available,2,saved,not_applicable,not_applicable
2350,해양조사산업기사,T,03,available,available,available,2,saved,not_applicable,not_applicable
1401,해양환경기사,T,03,available,available,available,4,saved,not_applicable,not_applicable
1110,화공기사,T,03,available,available,available,6,saved,not_applicable,not_applicable
1140,화약류관리기사,T,03,available,available,available,4,saved,not_applicable,not_applicable
2130,화약류관리산업기사,T,03,available,available,available,2,saved,not_applicable,not_applicable
1130,화약류제조기사,T,03,available,available,available,2,saved,not_applicable,not_applicable
2120,화약류제조산업기사,T,03,available,available,available,2,saved,not_applicable,not_applicable
1441,화재감식평가기사,T,03,available,available,available,6,saved,not_applicable,not_applicable
2441,화재감식평가산업기사,T,03,available,available,available,6,saved,not_applicable,not_applicable
1563,화학분석기사,T,03,partial,available,available,6,saved,not_applicable,not_applicable
1576,화훼장식기사,T,03,available,available,available,2,saved,not_applicable,not_applicable
2625,화훼장식산업기사,T,03,available,available,available,2,saved,not_applicable,not_applicable
1029,환경위해관리기사,T,03,available,available,available,2,saved,not_applicable,not_applicable
7785,3D프린터운용기능사,T,04,available,available,available,8,saved,not_applicable,not_applicable
7140,가구제작기능사,T,04,available,available,available,4,saved,not_applicable,not_applicable
6335,가스기능사,T,04,available,available,available,8,saved,not_applicable,not_applicable
6224,가스텅스텐아크용접기능사,T,04,available,available,available,8,saved,not_applicable,not_applicable
7170,거푸집기능사,T,04,available,available,available,4,saved,not_applicable,not_applicable
6298,건설기계정비기능사,T,04,available,available,available,6,saved,not_applicable,not_applicable
7132,건설재료시험기능사,T,04,available,available,available,6,saved,not_applicable,not_applicable
7150,건축도장기능사,T,04,available,available,available,4,saved,not_applicable,not_applicable
7130,건축목공기능사,T,04,available,available,available,3,saved,not_applicable,not_applicable
6981,공간정보융합기능사,T,04,available,available,available,2,saved,not_applicable,not_applicable
8070,공구제작기능사보,T,04,unavailable,unavailable,unavailable,0,failed,not_applicable,not_applicable
6320,공조냉동기계기능사,T,04,available,available,available,8,saved,not_applicable,not_applicable
7385,광산보안기능사(화약분야),T,04,unavailable,unavailable,available,0,failed,not_applicable,not_applicable
7371,광산차량기계운전기능사,T,04,unavailable,unavailable,available,0,failed,not_applicable,not_applicable
7372,광산환경기능사,T,04,unavailable,unavailable,available,0,failed,not_applicable,not_applicable
7862,굴착기운전기능사,T,04,available,available,available,0,empty,not_applicable,not_applicable
6051,궤도장비정비기능사,T,04,available,available,available,2,saved,not_applicable,not_applicable
7460,귀금속가공기능사,T,04,available,available,available,4,saved,not_applicable,not_applicable
7450,금속도장기능사,T,04,available,available,available,2,saved,not_applicable,not_applicable
6490,금속재료시험기능사,T,04,available,available,available,4,saved,not_applicable,not_applicable
7102,금속재창호기능사,T,04,available,available,available,2,saved,not_applicable,not_applicable
6105,금형기능사,T,04,available,available,available,4,saved,not_applicable,not_applicable
6042,기계가공조립기능사,T,04,available,available,available,6,saved,not_applicable,not_applicable
7861,기중기운전기능사,T,04,available,available,available,8,saved,not_applicable,not_applicable
7931,남성복기능사,T,04,available,available,available,2,saved,not_applicable,not_applicable
6301,농기계운전기능사,T,04,available,available,available,6,saved,not_applicable,not_applicable
6300,농업기계정비기능사,T,04,available,available,available,6,saved,not_applicable,not_applicable
7180,도배기능사,T,04,available,available,available,4,saved,not_applicable,not_applicable
7890,도자공예기능사,T,04,available,available,available,2,saved,not_applicable,not_applicable
7660,도화기능사,T,04,available,available,available,1,saved,not_applicable,not_applicable
7992,떡제조기능사,T,04,available,available,available,8,saved,not_applicable,not_applicable
7866,로더운전기능사,T,04,available,available,available,8,saved,not_applicable,not_applicable
7871,롤러운전기능사,T,04,available,available,available,6,saved,not_applicable,not_applicable
6903,메카트로닉스기능사,T,04,unavailable,unavailable,available,0,empty,not_applicable,not_applicable
7872,모터그레이더운전기능사,T,04,unavailable,unavailable,available,0,empty,not_applicable,not_applicable
7480,목공예기능사,T,04,available,available,available,2,saved,not_applicable,not_applicable
7645,목재가공기능사,T,04,available,available,available,2,saved,not_applicable,not_applicable
7101,목재창호기능사,T,04,unavailable,unavailable,partial,0,empty,not_applicable,not_applicable
7643,목질재료기능사,T,04,unavailable,unavailable,available,0,failed,not_applicable,not_applicable
7957,미용사(네일),T,04,available,available,available,0,empty,not_applicable,not_applicable
7967,미용사(메이크업),T,04,available,available,available,0,empty,not_applicable,not_applicable
7937,미용사(일반),T,04,available,available,available,0,empty,not_applicable,not_applicable
7947,미용사(피부),T,04,available,available,available,0,empty,not_applicable,not_applicable
7110,미장기능사,T,04,available,available,available,1,saved,not_applicable,not_applicable
9775,바이오공정기능사,T,04,unavailable,unavailable,available,0,empty,not_applicable,not_applicable
6033,반도체설비보전기능사,T,04,available,available,available,4,saved,not_applicable,not_applicable
7471,방사선비파괴검사기능사,T,04,available,available,available,4,saved,not_applicable,not_applicable
7030,방수기능사,T,04,available,available,available,4,saved,not_applicable,not_applicable
6213,배관기능사,T,04,available,available,available,4,saved,not_applicable,not_applicable
7631,버섯종균기능사,T,04,available,available,available,6,saved,not_applicable,not_applicable
7889,보석가공기능사,T,04,available,available,available,2,saved,not_applicable,not_applicable
7980,보석감정사,T,04,available,available,available,4,saved,not_applicable,not_applicable
7914,복어조리기능사,T,04,available,available,available,6,saved,not_applicable,not_applicable
9776,봉제기능사,T,04,available,available,partial,1,saved,not_applicable,not_applicable
7863,불도저운전기능사,T,04,available,available,available,4,saved,not_applicable,not_applicable
7120,비계기능사,T,04,available,available,available,3,saved,not_applicable,not_applicable
7795,사진기능사,T,04,available,available,available,6,saved,not_applicable,not_applicable
8090,사출금형기능사보,T,04,unavailable,unavailable,unavailable,0,failed,not_applicable,not_applicable
7632,산림기능사,T,04,available,available,available,6,saved,not_applicable,not_applicable
6990,석공기능사,T,04,available,available,available,1,saved,not_applicable,not_applicable
6792,석공예기능사,T,04,available,available,available,2,saved,not_applicable,not_applicable
6960,선박기관정비기능사,T,04,available,available,available,2,saved,not_applicable,not_applicable
6920,선체건조기능사,T,04,available,available,available,2,saved,not_applicable,not_applicable
6910,선체설계기능사,T,04,available,available,available,2,saved,not_applicable,not_applicable
6837,설비보전기능사,T,04,available,available,available,8,saved,not_applicable,not_applicable
7960,세탁기능사,T,04,available,available,available,4,saved,not_applicable,not_applicable
7700,수산양식기능사,T,04,available,available,available,2,saved,not_applicable,not_applicable
9771,스마트공장기능사,T,04,unavailable,unavailable,available,0,empty,not_applicable,not_applicable
7940,승강기기능사,T,04,available,available,available,8,saved,not_applicable,not_applicable
7482,식육처리기능사,T,04,available,available,available,6,saved,not_applicable,not_applicable
7591,식품가공기능사,T,04,available,available,available,6,saved,not_applicable,not_applicable
7904,신발제조기능사,T,04,available,available,available,2,saved,not_applicable,not_applicable
7114,신재생에너지발전설비기능사(태양광),T,04,available,available,available,6,saved,not_applicable,not_applicable
7152,실내건축기능사,T,04,available,available,available,8,saved,not_applicable,not_applicable
7873,아스팔트피니셔운전기능사,T,04,unavailable,unavailable,available,0,empty,not_applicable,not_applicable
6543,압연기능사,T,04,available,available,available,6,saved,not_applicable,not_applicable
7911,양식조리기능사,T,04,available,available,available,0,empty,not_applicable,not_applicable
7930,양화장치운전기능사,T,04,available,available,available,2,saved,not_applicable,not_applicable
7761,에너지관리기능사,T,04,available,available,available,8,saved,not_applicable,not_applicable
7932,여성복기능사,T,04,available,available,available,6,saved,not_applicable,not_applicable
6420,열처리기능사,T,04,available,available,available,4,saved,not_applicable,not_applicable
7302,염색기능사(날염),T,04,available,available,available,2,saved,not_applicable,not_applicable
7301,염색기능사(침염),T,04,available,available,available,2,saved,not_applicable,not_applicable
7161,온수온돌기능사,T,04,available,available,available,4,saved,not_applicable,not_applicable
7901,원예기능사,T,04,available,available,available,2,saved,not_applicable,not_applicable
7798,웹디자인개발기능사,T,04,available,available,available,8,saved,not_applicable,not_applicable
6697,위험물기능사,T,04,available,available,available,8,saved,not_applicable,not_applicable
6592,유기농업기능사,T,04,available,available,available,8,saved,not_applicable,not_applicable
7151,유리시공기능사,T,04,available,available,available,1,saved,not_applicable,not_applicable
6176,의료전자기능사,T,04,available,available,available,2,saved,not_applicable,not_applicable
9774,이륜자동차정비기능사,T,04,unavailable,available,available,0,empty,not_applicable,not_applicable
6225,이산화탄소가스아크용접기능사,T,04,available,available,available,8,saved,not_applicable,not_applicable
7908,이용사,T,04,available,available,available,8,saved,not_applicable,not_applicable
7524,인쇄기능사,T,04,available,available,available,2,saved,not_applicable,not_applicable
7912,일식조리기능사,T,04,available,available,available,0,empty,not_applicable,not_applicable
6801,임베디드기능사,T,04,available,available,available,6,saved,not_applicable,not_applicable
7630,임업종묘기능사,T,04,available,available,available,2,saved,not_applicable,not_applicable
7473,자기비파괴검사기능사,T,04,available,available,available,6,saved,not_applicable,not_applicable
6836,자동차보수도장기능사,T,04,available,available,available,6,saved,not_applicable,not_applicable
6281,자동차정비기능사,T,04,available,available,available,8,saved,not_applicable,not_applicable
6285,자동차차체수리기능사,T,04,available,available,available,6,saved,not_applicable,not_applicable
6415,자동화설비기능사,T,04,available,available,available,8,saved,not_applicable,not_applicable
7612,잠수기능사,T,04,unavailable,unavailable,available,6,saved,not_applicable,not_applicable
7780,전기기능사,T,04,available,available,available,8,saved,not_applicable,not_applicable
7061,전산응용건축제도기능사,T,04,available,available,available,8,saved,not_applicable,not_applicable
6151,전산응용기계제도기능사,T,04,available,available,available,8,saved,not_applicable,not_applicable
7072,전산응용토목제도기능사,T,04,available,available,available,6,saved,not_applicable,not_applicable
6790,전자기능사,T,04,available,available,available,6,saved,not_applicable,not_applicable
6791,전자출판기능사,T,04,available,available,available,6,saved,not_applicable,not_applicable
6785,전자캐드기능사,T,04,available,available,available,6,saved,not_applicable,not_applicable
6120,정밀측정기능사,T,04,available,available,available,2,saved,not_applicable,not_applicable
6892,정보기기운용기능사,T,04,available,available,available,6,saved,not_applicable,not_applicable
6515,제강기능사,T,04,available,available,available,6,saved,not_applicable,not_applicable
7892,제과기능사,T,04,available,available,available,0,empty,not_applicable,not_applicable
7893,제빵기능사,T,04,available,available,available,0,empty,not_applicable,not_applicable
6500,제선기능사,T,04,available,available,available,6,saved,not_applicable,not_applicable
6793,제품응용모델링기능사,T,04,available,available,available,2,saved,not_applicable,not_applicable
7900,조경기능사,T,04,available,available,available,8,saved,not_applicable,not_applicable
7070,조적기능사,T,04,available,available,available,2,saved,not_applicable,not_applicable
7916,조주기능사,T,04,available,available,available,8,saved,not_applicable,not_applicable
7620,종자기능사,T,04,available,available,available,6,saved,not_applicable,not_applicable
6461,주조기능사,T,04,available,available,available,2,saved,not_applicable,not_applicable
7913,중식조리기능사,T,04,available,available,available,0,empty,not_applicable,not_applicable
7875,지게차운전기능사,T,04,available,available,available,0,empty,not_applicable,not_applicable
7680,지도제작기능사,T,04,available,available,available,3,saved,not_applicable,not_applicable
7650,지적기능사,T,04,available,available,available,6,saved,not_applicable,not_applicable
7483,천공기운전기능사,T,04,available,available,available,6,saved,not_applicable,not_applicable
7864,천장크레인운전기능사,T,04,available,available,available,6,saved,not_applicable,not_applicable
7080,철근기능사,T,04,available,available,available,4,saved,not_applicable,not_applicable
6772,철도전기신호기능사,T,04,available,available,available,2,saved,not_applicable,not_applicable
6352,철도차량정비기능사,T,04,available,available,available,2,saved,not_applicable,not_applicable
7010,철도토목기능사,T,04,available,available,available,2,saved,not_applicable,not_applicable
7472,초음파비파괴검사기능사,T,04,available,available,available,6,saved,not_applicable,not_applicable
6381,축로기능사,T,04,available,available,available,2,saved,not_applicable,not_applicable
7481,축산기능사,T,04,available,available,available,6,saved,not_applicable,not_applicable
6980,측량기능사,T,04,available,available,available,6,saved,not_applicable,not_applicable
7474,침투비파괴검사기능사,T,04,available,available,available,6,saved,not_applicable,not_applicable
7835,컨테이너크레인운전기능사,T,04,available,available,available,4,saved,not_applicable,not_applicable
7796,컴퓨터그래픽기능사,T,04,available,available,available,8,saved,not_applicable,not_applicable
6032,컴퓨터응용밀링기능사,T,04,unavailable,unavailable,available,8,saved,not_applicable,not_applicable
6012,컴퓨터응용선반기능사,T,04,available,available,available,8,saved,not_applicable,not_applicable
7020,콘크리트기능사,T,04,available,available,available,6,saved,not_applicable,not_applicable
7834,타워크레인운전기능사,T,04,available,available,available,4,saved,not_applicable,not_applicable
7210,타일기능사,T,04,available,available,available,4,saved,not_applicable,not_applicable
6175,판금제관기능사,T,04,available,available,available,2,saved,not_applicable,not_applicable
7646,펄프종이제조기능사,T,04,available,available,available,2,saved,not_applicable,not_applicable
6835,표면실장장비기능사,T,04,available,available,available,6,saved,not_applicable,not_applicable
6480,표면처리기능사,T,04,available,available,available,2,saved,not_applicable,not_applicable
8080,프레스금형기능사보,T,04,unavailable,unavailable,unavailable,0,failed,not_applicable,not_applicable
6921,프로그래밍기능사,T,04,available,available,available,8,saved,not_applicable,not_applicable
7103,플라스틱창호기능사,T,04,available,available,available,2,saved,not_applicable,not_applicable
6223,피복아크용접기능사,T,04,available,available,available,8,saved,not_applicable,not_applicable
7917,피아노조율기능사,T,04,available,available,available,2,saved,not_applicable,not_applicable
7723,한복기능사,T,04,available,available,available,2,saved,not_applicable,not_applicable
7910,한식조리기능사,T,04,available,available,available,0,empty,not_applicable,not_applicable
6288,항공기정비기능사,T,04,available,available,available,6,saved,not_applicable,not_applicable
7670,항공사진기능사,T,04,available,available,available,1,saved,not_applicable,not_applicable
6289,항공전기·전자정비기능사,T,04,available,available,available,4,saved,not_applicable,not_applicable
6351,항로표지기능사,T,04,available,available,available,2,saved,not_applicable,not_applicable
7970,화약취급기능사,T,04,available,available,available,2,saved,not_applicable,not_applicable
6560,화학분석기능사,T,04,available,available,available,8,saved,not_applicable,not_applicable
7625,화훼장식기능사,T,04,available,available,available,8,saved,not_applicable,not_applicable
7918,환경기능사,T,04,available,available,available,8,saved,not_applicable,not_applicable
9500,공인노무사,S,05,not_normalized,not_normalized,not_normalized,0,not_collected,fetched,fetched
9503,가맹거래사,S,07,not_normalized,not_normalized,not_normalized,0,not_collected,fetched,fetched
9630,공인중개사,S,08,not_normalized,not_normalized,not_normalized,0,not_collected,fetched,fetched
9502,기계경비지도사,S,09,not_normalized,not_normalized,not_normalized,0,not_collected,failed,fetched
9501,일반경비지도사,S,09,not_normalized,not_normalized,not_normalized,0,not_collected,fetched,fetched
9641,세무사,S,22,not_normalized,not_normalized,not_normalized,0,not_collected,fetched,fetched
9640,관세사,S,24,not_normalized,not_normalized,not_normalized,0,not_collected,fetched,fetched
9722,외국어번역행정사,S,31,not_normalized,not_normalized,not_normalized,0,not_collected,fetched,fetched
9721,일반행정사,S,31,not_normalized,not_normalized,not_normalized,0,not_collected,fetched,fetched
9723,해사행정사,S,31,not_normalized,not_normalized,not_normalized,0,not_collected,fetched,fetched
9657,소방안전교육사,S,33,not_normalized,not_normalized,not_normalized,0,not_collected,fetched,fetched
9658,소방시설관리사,S,34,not_normalized,not_normalized,not_normalized,0,not_collected,fetched,failed
9659,박물관및미술관준학예사,S,35,not_normalized,not_normalized,not_normalized,0,not_collected,fetched,fetched
9660,한국어교육능력검정시험,S,36,not_normalized,not_normalized,not_normalized,0,not_collected,fetched,fetched
9625,관광통역안내사(독어),S,37,not_normalized,not_normalized,not_normalized,0,not_collected,fetched,fetched
9627,관광통역안내사(러시아어),S,37,not_normalized,not_normalized,not_normalized,0,not_collected,fetched,fetched
9634,관광통역안내사(말레이/인도네시아어),S,37,not_normalized,not_normalized,not_normalized,0,not_collected,fetched,fetched
9633,관광통역안내사(베트남어),S,37,not_normalized,not_normalized,not_normalized,0,not_collected,fetched,fetched
9624,관광통역안내사(불어),S,37,not_normalized,not_normalized,not_normalized,0,not_collected,fetched,fetched
9626,관광통역안내사(스페인어),S,37,not_normalized,not_normalized,not_normalized,0,not_collected,fetched,fetched
9635,관광통역안내사(아랍어),S,37,not_normalized,not_normalized,not_normalized,0,not_collected,fetched,fetched
9661,관광통역안내사(영어),S,37,not_normalized,not_normalized,not_normalized,0,not_collected,fetched,fetched
9631,관광통역안내사(이탈리아어),S,37,not_normalized,not_normalized,not_normalized,0,not_collected,failed,fetched
9628,관광통역안내사(일본어),S,37,not_normalized,not_normalized,not_normalized,0,not_collected,fetched,fetched
9629,관광통역안내사(중국어),S,37,not_normalized,not_normalized,not_normalized,0,not_collected,fetched,fetched
9632,관광통역안내사(태국어),S,37,not_normalized,not_normalized,not_normalized,0,not_collected,fetched,fetched
9663,호텔관리사,S,38,not_normalized,not_normalized,not_normalized,0,not_collected,fetched,fetched
9662,호텔경영사,S,39,not_normalized,not_normalized,not_normalized,0,not_collected,failed,fetched
9664,국내여행안내사,S,40,not_normalized,not_normalized,not_normalized,0,not_collected,fetched,fetched
9665,호텔서비스사,S,41,not_normalized,not_normalized,not_normalized,0,not_collected,fetched,fetched
9667,국가유산수리기술자(단청),S,42,not_normalized,not_normalized,not_normalized,0,not_collected,empty,fetched
9666,국가유산수리기술자(보수),S,42,not_normalized,not_normalized,not_normalized,0,not_collected,empty,fetched
9670,국가유산수리기술자(보존과학),S,42,not_normalized,not_normalized,not_normalized,0,not_collected,empty,fetched
9671,국가유산수리기술자(식물보호),S,42,not_normalized,not_normalized,not_normalized,0,not_collected,empty,fetched
9668,국가유산수리기술자(실측설계),S,42,not_normalized,not_normalized,not_normalized,0,not_collected,empty,fetched
9669,국가유산수리기술자(조경),S,42,not_normalized,not_normalized,not_normalized,0,not_collected,failed,fetched
9674,국가유산수리기능자(가공석공),S,43,not_normalized,not_normalized,not_normalized,0,not_collected,empty,fetched
9672,국가유산수리기능자(대목수),S,43,not_normalized,not_normalized,not_normalized,0,not_collected,empty,fetched
9685,국가유산수리기능자(도금공),S,43,not_normalized,not_normalized,not_normalized,0,not_collected,empty,fetched
9677,국가유산수리기능자(드잡이공),S,43,not_normalized,not_normalized,not_normalized,0,not_collected,empty,fetched
9706,국가유산수리기능자(모사공),S,43,not_normalized,not_normalized,not_normalized,0,not_collected,empty,fetched
9682,국가유산수리기능자(목조각공),S,43,not_normalized,not_normalized,not_normalized,0,not_collected,empty,fetched
9693,국가유산수리기능자(박제및표본제작공),S,43,not_normalized,not_normalized,not_normalized,0,not_collected,empty,fetched
9678,국가유산수리기능자(번와와공),S,43,not_normalized,not_normalized,not_normalized,0,not_collected,empty,fetched
9690,국가유산수리기능자(보존처리공),S,43,not_normalized,not_normalized,not_normalized,0,not_collected,empty,fetched
9683,국가유산수리기능자(석조각공),S,43,not_normalized,not_normalized,not_normalized,0,not_collected,empty,fetched
9688,국가유산수리기능자(세척공),S,43,not_normalized,not_normalized,not_normalized,0,not_collected,empty,fetched
9673,국가유산수리기능자(소목수),S,43,not_normalized,not_normalized,not_normalized,0,not_collected,empty,fetched
9691,국가유산수리기능자(식물보호공),S,43,not_normalized,not_normalized,not_normalized,0,not_collected,empty,fetched
9692,국가유산수리기능자(실측설계사보),S,43,not_normalized,not_normalized,not_normalized,0,not_collected,empty,fetched
9675,국가유산수리기능자(쌓기석공),S,43,not_normalized,not_normalized,not_normalized,0,not_collected,empty,fetched
9694,국가유산수리기능자(온돌공),S,43,not_normalized,not_normalized,not_normalized,0,not_collected,empty,fetched
9679,국가유산수리기능자(제작와공),S,43,not_normalized,not_normalized,not_normalized,0,not_collected,empty,fetched
9687,국가유산수리기능자(조경공),S,43,not_normalized,not_normalized,not_normalized,0,not_collected,empty,fetched
9681,국가유산수리기능자(철물공),S,43,not_normalized,not_normalized,not_normalized,0,not_collected,empty,fetched
9684,국가유산수리기능자(칠공),S,43,not_normalized,not_normalized,not_normalized,0,not_collected,empty,fetched
9686,국가유산수리기능자(표구공),S,43,not_normalized,not_normalized,not_normalized,0,not_collected,empty,fetched
9680,국가유산수리기능자(한식미장공),S,43,not_normalized,not_normalized,not_normalized,0,not_collected,empty,fetched
9676,국가유산수리기능자(화공),S,43,not_normalized,not_normalized,not_normalized,0,not_collected,empty,fetched
9689,국가유산수리기능자(훈증공),S,43,not_normalized,not_normalized,not_normalized,0,not_collected,empty,fetched
9695,농산물품질관리사,S,45,not_normalized,not_normalized,not_normalized,0,not_collected,fetched,fetched
9697,경매사(수산),S,46,not_normalized,not_normalized,not_normalized,0,not_collected,empty,fetched
9700,경매사(약용),S,46,not_normalized,not_normalized,not_normalized,0,not_collected,empty,fetched
9728,경매사(양곡),S,46,not_normalized,not_normalized,not_normalized,0,not_collected,empty,fetched
9696,경매사(청과),S,46,not_normalized,not_normalized,not_normalized,0,not_collected,empty,fetched
9698,경매사(축산),S,46,not_normalized,not_normalized,not_normalized,0,not_collected,fetched,fetched
9699,경매사(화훼),S,46,not_normalized,not_normalized,not_normalized,0,not_collected,empty,fetched
9705,경영지도사(1차공통),S,49,not_normalized,not_normalized,not_normalized,0,not_collected,fetched,fetched
9704,경영지도사(마케팅),S,49,not_normalized,not_normalized,not_normalized,0,not_collected,fetched,fetched
9703,경영지도사(생산관리),S,49,not_normalized,not_normalized,not_normalized,0,not_collected,fetched,fetched
9701,경영지도사(인적자원관리),S,49,not_normalized,not_normalized,not_normalized,0,not_collected,fetched,fetched
9702,경영지도사(재무관리),S,49,not_normalized,not_normalized,not_normalized,0,not_collected,fetched,fetched
9729,기술지도사(1차공통),S,50,not_normalized,not_normalized,not_normalized,0,not_collected,fetched,fetched
9758,기술지도사(기술혁신관리),S,50,not_normalized,not_normalized,not_normalized,0,not_collected,empty,fetched
9759,기술지도사(정보기술관리),S,50,not_normalized,not_normalized,not_normalized,0,not_collected,empty,fetched
9737,변리사,S,51,not_normalized,not_normalized,not_normalized,0,not_collected,fetched,fetched
9738,사회복지사 1급,S,52,not_normalized,not_normalized,not_normalized,0,not_collected,fetched,fetched
9739,정수시설운영관리사1급,S,54,not_normalized,not_normalized,not_normalized,0,not_collected,fetched,fetched
9740,정수시설운영관리사2급,S,54,not_normalized,not_normalized,not_normalized,0,not_collected,failed,fetched
9741,정수시설운영관리사3급,S,54,not_normalized,not_normalized,not_normalized,0,not_collected,fetched,fetched
9714,산업안전지도사(건설안전),S,56,not_normalized,not_normalized,not_normalized,0,not_collected,fetched,fetched
9711,산업안전지도사(기계안전),S,56,not_normalized,not_normalized,not_normalized,0,not_collected,fetched,fetched
9712,산업안전지도사(전기안전),S,56,not_normalized,not_normalized,not_normalized,0,not_collected,fetched,fetched
9713,산업안전지도사(화공안전),S,56,not_normalized,not_normalized,not_normalized,0,not_collected,fetched,fetched
9716,산업보건지도사(산업위생공학),S,57,not_normalized,not_normalized,not_normalized,0,not_collected,fetched,fetched
9715,산업보건지도사(직업환경의학),S,57,not_normalized,not_normalized,not_normalized,0,not_collected,fetched,fetched
9744,주택관리사보,S,59,not_normalized,not_normalized,not_normalized,0,not_collected,fetched,fetched
9745,감정평가사,S,60,not_normalized,not_normalized,not_normalized,0,not_collected,fetched,failed
9746,물류관리사,S,61,not_normalized,not_normalized,not_normalized,0,not_collected,fetched,fetched
9747,검수사,S,62,not_normalized,not_normalized,not_normalized,0,not_collected,fetched,fetched
9748,검량사,S,63,not_normalized,not_normalized,not_normalized,0,not_collected,fetched,fetched
9749,감정사,S,64,not_normalized,not_normalized,not_normalized,0,not_collected,fetched,fetched
9750,1급 청소년지도사,S,66,not_normalized,not_normalized,not_normalized,0,not_collected,fetched,fetched
9751,2급 청소년지도사,S,66,not_normalized,not_normalized,not_normalized,0,not_collected,fetched,fetched
9752,3급 청소년지도사,S,66,not_normalized,not_normalized,not_normalized,0,not_collected,fetched,fetched
9753,1급 청소년상담사,S,67,not_normalized,not_normalized,not_normalized,0,not_collected,failed,fetched
9754,2급 청소년상담사,S,67,not_normalized,not_normalized,not_normalized,0,not_collected,failed,fetched
9755,3급 청소년상담사,S,67,not_normalized,not_normalized,not_normalized,0,not_collected,failed,fetched
9762,수산물품질관리사,S,72,not_normalized,not_normalized,not_normalized,0,not_collected,fetched,fetched
9763,손해평가사,S,73,not_normalized,not_normalized,not_normalized,0,not_collected,fetched,fetched
