qnet_code,name,final_status,attempt_index,final_retry_count,retrieved_at,http_status,result_code,result_message,item_count,error,elapsed_seconds,source_url,source_params,response_file,sha256
9502,기계경비지도사,failed,0,1,2026-10-06T09:21:09.927217+09:00,200,99,Failed to validate a newly established connection.,0,,0.169,http://openapi.q-net.or.kr/api/service/rest/InquiryInformationTradeNTQSVC/getList,"{""jmCd"": ""9502""}",research/responses/preparation_details_9502_attempt0.txt,2ef1ad816be949aa9f7cebf3dc7f85193f692c291bf6aaad01adb269706ac0a9
9502,기계경비지도사,failed,1,1,2026-10-06T09:21:11.097215+09:00,200,99,Failed to validate a newly established connection.,0,,0.15,http://openapi.q-net.or.kr/api/service/rest/InquiryInformationTradeNTQSVC/getList,"{""jmCd"": ""9502""}",research/responses/preparation_details_9502_attempt1.txt,2ef1ad816be949aa9f7cebf3dc7f85193f692c291bf6aaad01adb269706ac0a9
9631,관광통역안내사(이탈리아어),failed,0,1,2026-10-06T09:23:09.405906+09:00,200,99,Failed to validate a newly established connection.,0,,0.15,http://openapi.q-net.or.kr/api/service/rest/InquiryInformationTradeNTQSVC/getList,"{""jmCd"": ""9631""}",research/responses/preparation_details_9631_attempt0.txt,2ef1ad816be949aa9f7cebf3dc7f85193f692c291bf6aaad01adb269706ac0a9
9631,관광통역안내사(이탈리아어),failed,1,1,2026-10-06T09:23:10.557000+09:00,200,99,Failed to validate a newly established connection.,0,,0.148,http://openapi.q-net.or.kr/api/service/rest/InquiryInformationTradeNTQSVC/getList,"{""jmCd"": ""9631""}",research/responses/preparation_details_9631_attempt1.txt,2ef1ad816be949aa9f7cebf3dc7f85193f692c291bf6aaad01adb269706ac0a9
9662,호텔경영사,failed,0,1,2026-10-06T09:23:37.082959+09:00,200,99,Failed to validate a newly established connection.,0,,0.215,http://openapi.q-net.or.kr/api/service/rest/InquiryInformationTradeNTQSVC/getList,"{""jmCd"": ""9662""}",research/responses/preparation_details_9662_attempt0.txt,2ef1ad816be949aa9f7cebf3dc7f85193f692c291bf6aaad01adb269706ac0a9
9662,호텔경영사,failed,1,1,2026-10-06T09:23:38.298370+09:00,200,99,Failed to validate a newly established connection.,0,,0.18,http://openapi.q-net.or.kr/api/service/rest/InquiryInformationTradeNTQSVC/getList,"{""jmCd"": ""9662""}",research/responses/preparation_details_9662_attempt1.txt,2ef1ad816be949aa9f7cebf3dc7f85193f692c291bf6aaad01adb269706ac0a9
9667,국가유산수리기술자(단청),empty,0,1,2026-10-06T09:23:50.281330+09:00,200,99,Failed to validate a newly established connection.,0,,0.162,http://openapi.q-net.or.kr/api/service/rest/InquiryInformationTradeNTQSVC/getList,"{""jmCd"": ""9667""}",research/responses/preparation_details_9667_attempt0.txt,2ef1ad816be949aa9f7cebf3dc7f85193f692c291bf6aaad01adb269706ac0a9
9667,국가유산수리기술자(단청),empty,1,1,2026-10-06T09:23:51.444192+09:00,200,00,NORMAL SERVICE.,0,,0.257,http://openapi.q-net.or.kr/api/service/rest/InquiryInformationTradeNTQSVC/getList,"{""jmCd"": ""9667""}",research/responses/preparation_details_9667_attempt1.txt,d64aab8800cf745edd7a5b5fd6f9ec401deb5a6e7eb14a3bf46382907f821fbc
9666,국가유산수리기술자(보수),empty,0,0,2026-10-06T09:23:52.209025+09:00,200,00,NORMAL SERVICE.,0,,0.093,http://openapi.q-net.or.kr/api/service/rest/InquiryInformationTradeNTQSVC/getList,"{""jmCd"": ""9666""}",research/responses/preparation_details_9666_attempt0.txt,d64aab8800cf745edd7a5b5fd6f9ec401deb5a6e7eb14a3bf46382907f821fbc
9670,국가유산수리기술자(보존과학),empty,0,0,2026-10-06T09:23:52.806572+09:00,200,00,NORMAL SERVICE.,0,,0.083,http://openapi.q-net.or.kr/api/service/rest/InquiryInformationTradeNTQSVC/getList,"{""jmCd"": ""9670""}",research/responses/preparation_details_9670_attempt0.txt,d64aab8800cf745edd7a5b5fd6f9ec401deb5a6e7eb14a3bf46382907f821fbc
9671,국가유산수리기술자(식물보호),empty,0,0,2026-10-06T09:23:53.396675+09:00,200,00,NORMAL SERVICE.,0,,0.09,http://openapi.q-net.or.kr/api/service/rest/InquiryInformationTradeNTQSVC/getList,"{""jmCd"": ""9671""}",research/responses/preparation_details_9671_attempt0.txt,d64aab8800cf745edd7a5b5fd6f9ec401deb5a6e7eb14a3bf46382907f821fbc
9668,국가유산수리기술자(실측설계),empty,0,0,2026-10-06T09:23:53.997478+09:00,200,00,NORMAL SERVICE.,0,,0.109,http://openapi.q-net.or.kr/api/service/rest/InquiryInformationTradeNTQSVC/getList,"{""jmCd"": ""9668""}",research/responses/preparation_details_9668_attempt0.txt,d64aab8800cf745edd7a5b5fd6f9ec401deb5a6e7eb14a3bf46382907f821fbc
9669,국가유산수리기술자(조경),failed,0,1,2026-10-06T09:23:54.614906+09:00,200,99,Failed to validate a newly established connection.,0,,0.146,http://openapi.q-net.or.kr/api/service/rest/InquiryInformationTradeNTQSVC/getList,"{""jmCd"": ""9669""}",research/responses/preparation_details_9669_attempt0.txt,2ef1ad816be949aa9f7cebf3dc7f85193f692c291bf6aaad01adb269706ac0a9
9669,국가유산수리기술자(조경),failed,1,1,2026-10-06T09:23:55.761684+09:00,200,99,Failed to validate a newly established connection.,0,,0.147,http://openapi.q-net.or.kr/api/service/rest/InquiryInformationTradeNTQSVC/getList,"{""jmCd"": ""9669""}",research/responses/preparation_details_9669_attempt1.txt,2ef1ad816be949aa9f7cebf3dc7f85193f692c291bf6aaad01adb269706ac0a9
9674,국가유산수리기능자(가공석공),empty,0,0,2026-10-06T09:23:56.417250+09:00,200,00,NORMAL SERVICE.,0,,0.248,http://openapi.q-net.or.kr/api/service/rest/InquiryInformationTradeNTQSVC/getList,"{""jmCd"": ""9674""}",research/responses/preparation_details_9674_attempt0.txt,d64aab8800cf745edd7a5b5fd6f9ec401deb5a6e7eb14a3bf46382907f821fbc
9672,국가유산수리기능자(대목수),empty,0,0,2026-10-06T09:23:57.168930+09:00,200,00,NORMAL SERVICE.,0,,0.107,http://openapi.q-net.or.kr/api/service/rest/InquiryInformationTradeNTQSVC/getList,"{""jmCd"": ""9672""}",research/responses/preparation_details_9672_attempt0.txt,d64aab8800cf745edd7a5b5fd6f9ec401deb5a6e7eb14a3bf46382907f821fbc
9685,국가유산수리기능자(도금공),empty,0,0,2026-10-06T09:23:57.781107+09:00,200,00,NORMAL SERVICE.,0,,0.076,http://openapi.q-net.or.kr/api/service/rest/InquiryInformationTradeNTQSVC/getList,"{""jmCd"": ""9685""}",research/responses/preparation_details_9685_attempt0.txt,d64aab8800cf745edd7a5b5fd6f9ec401deb5a6e7eb14a3bf46382907f821fbc
9677,국가유산수리기능자(드잡이공),empty,0,0,2026-10-06T09:23:58.361470+09:00,200,00,NORMAL SERVICE.,0,,0.265,http://openapi.q-net.or.kr/api/service/rest/InquiryInformationTradeNTQSVC/getList,"{""jmCd"": ""9677""}",research/responses/preparation_details_9677_attempt0.txt,d64aab8800cf745edd7a5b5fd6f9ec401deb5a6e7eb14a3bf46382907f821fbc
9706,국가유산수리기능자(모사공),empty,0,0,2026-10-06T09:23:59.132467+09:00,200,00,NORMAL SERVICE.,0,,0.105,http://openapi.q-net.or.kr/api/service/rest/InquiryInformationTradeNTQSVC/getList,"{""jmCd"": ""9706""}",research/responses/preparation_details_9706_attempt0.txt,d64aab8800cf745edd7a5b5fd6f9ec401deb5a6e7eb14a3bf46382907f821fbc
9682,국가유산수리기능자(목조각공),empty,0,1,2026-10-06T09:23:59.743546+09:00,200,99,Failed to validate a newly established connection.,0,,0.172,http://openapi.q-net.or.kr/api/service/rest/InquiryInformationTradeNTQSVC/getList,"{""jmCd"": ""9682""}",research/responses/preparation_details_9682_attempt0.txt,2ef1ad816be949aa9f7cebf3dc7f85193f692c291bf6aaad01adb269706ac0a9
9682,국가유산수리기능자(목조각공),empty,1,1,2026-10-06T09:24:00.916037+09:00,200,00,NORMAL SERVICE.,0,,0.093,http://openapi.q-net.or.kr/api/service/rest/InquiryInformationTradeNTQSVC/getList,"{""jmCd"": ""9682""}",research/responses/preparation_details_9682_attempt1.txt,d64aab8800cf745edd7a5b5fd6f9ec401deb5a6e7eb14a3bf46382907f821fbc
9693,국가유산수리기능자(박제및표본제작공),empty,0,1,2026-10-06T09:24:01.515043+09:00,200,99,Failed to validate a newly established connection.,0,,0.149,http://openapi.q-net.or.kr/api/service/rest/InquiryInformationTradeNTQSVC/getList,"{""jmCd"": ""9693""}",research/responses/preparation_details_9693_attempt0.txt,2ef1ad816be949aa9f7cebf3dc7f85193f692c291bf6aaad01adb269706ac0a9
9693,국가유산수리기능자(박제및표본제작공),empty,1,1,2026-10-06T09:24:02.664672+09:00,200,00,NORMAL SERVICE.,0,,0.262,http://openapi.q-net.or.kr/api/service/rest/InquiryInformationTradeNTQSVC/getList,"{""jmCd"": ""9693""}",research/responses/preparation_details_9693_attempt1.txt,d64aab8800cf745edd7a5b5fd6f9ec401deb5a6e7eb14a3bf46382907f821fbc
9678,국가유산수리기능자(번와와공),empty,0,0,2026-10-06T09:24:03.435233+09:00,200,00,NORMAL SERVICE.,0,,0.095,http://openapi.q-net.or.kr/api/service/rest/InquiryInformationTradeNTQSVC/getList,"{""jmCd"": ""9678""}",research/responses/preparation_details_9678_attempt0.txt,d64aab8800cf745edd7a5b5fd6f9ec401deb5a6e7eb14a3bf46382907f821fbc
9690,국가유산수리기능자(보존처리공),empty,0,0,2026-10-06T09:24:04.033790+09:00,200,00,NORMAL SERVICE.,0,,0.101,http://openapi.q-net.or.kr/api/service/rest/InquiryInformationTradeNTQSVC/getList,"{""jmCd"": ""9690""}",research/responses/preparation_details_9690_attempt0.txt,d64aab8800cf745edd7a5b5fd6f9ec401deb5a6e7eb14a3bf46382907f821fbc
9683,국가유산수리기능자(석조각공),empty,0,0,2026-10-06T09:24:04.642261+09:00,200,00,NORMAL SERVICE.,0,,0.092,http://openapi.q-net.or.kr/api/service/rest/InquiryInformationTradeNTQSVC/getList,"{""jmCd"": ""9683""}",research/responses/preparation_details_9683_attempt0.txt,d64aab8800cf745edd7a5b5fd6f9ec401deb5a6e7eb14a3bf46382907f821fbc
9688,국가유산수리기능자(세척공),empty,0,1,2026-10-06T09:24:05.238532+09:00,200,99,Failed to validate a newly established connection.,0,,0.155,http://openapi.q-net.or.kr/api/service/rest/InquiryInformationTradeNTQSVC/getList,"{""jmCd"": ""9688""}",research/responses/preparation_details_9688_attempt0.txt,2ef1ad816be949aa9f7cebf3dc7f85193f692c291bf6aaad01adb269706ac0a9
9688,국가유산수리기능자(세척공),empty,1,1,2026-10-06T09:24:06.393827+09:00,200,00,NORMAL SERVICE.,0,,0.266,http://openapi.q-net.or.kr/api/service/rest/InquiryInformationTradeNTQSVC/getList,"{""jmCd"": ""9688""}",research/responses/preparation_details_9688_attempt1.txt,d64aab8800cf745edd7a5b5fd6f9ec401deb5a6e7eb14a3bf46382907f821fbc
9673,국가유산수리기능자(소목수),empty,0,0,2026-10-06T09:24:07.164609+09:00,200,00,NORMAL SERVICE.,0,,0.104,http://openapi.q-net.or.kr/api/service/rest/InquiryInformationTradeNTQSVC/getList,"{""jmCd"": ""9673""}",research/responses/preparation_details_9673_attempt0.txt,d64aab8800cf745edd7a5b5fd6f9ec401deb5a6e7eb14a3bf46382907f821fbc
9691,국가유산수리기능자(식물보호공),empty,0,0,2026-10-06T09:24:07.773070+09:00,200,00,NORMAL SERVICE.,0,,0.09,http://openapi.q-net.or.kr/api/service/rest/InquiryInformationTradeNTQSVC/getList,"{""jmCd"": ""9691""}",research/responses/preparation_details_9691_attempt0.txt,d64aab8800cf745edd7a5b5fd6f9ec401deb5a6e7eb14a3bf46382907f821fbc
9692,국가유산수리기능자(실측설계사보),empty,0,0,2026-10-06T09:24:08.371629+09:00,200,00,NORMAL SERVICE.,0,,0.282,http://openapi.q-net.or.kr/api/service/rest/InquiryInformationTradeNTQSVC/getList,"{""jmCd"": ""9692""}",research/responses/preparation_details_9692_attempt0.txt,d64aab8800cf745edd7a5b5fd6f9ec401deb5a6e7eb14a3bf46382907f821fbc
9675,국가유산수리기능자(쌓기석공),empty,0,0,2026-10-06T09:24:09.174730+09:00,200,00,NORMAL SERVICE.,0,,0.089,http://openapi.q-net.or.kr/api/service/rest/InquiryInformationTradeNTQSVC/getList,"{""jmCd"": ""9675""}",research/responses/preparation_details_9675_attempt0.txt,d64aab8800cf745edd7a5b5fd6f9ec401deb5a6e7eb14a3bf46382907f821fbc
9694,국가유산수리기능자(온돌공),empty,0,0,2026-10-06T09:24:09.773835+09:00,200,00,NORMAL SERVICE.,0,,0.094,http://openapi.q-net.or.kr/api/service/rest/InquiryInformationTradeNTQSVC/getList,"{""jmCd"": ""9694""}",research/responses/preparation_details_9694_attempt0.txt,d64aab8800cf745edd7a5b5fd6f9ec401deb5a6e7eb14a3bf46382907f821fbc
9679,국가유산수리기능자(제작와공),empty,0,0,2026-10-06T09:24:10.374880+09:00,200,00,NORMAL SERVICE.,0,,0.089,http://openapi.q-net.or.kr/api/service/rest/InquiryInformationTradeNTQSVC/getList,"{""jmCd"": ""9679""}",research/responses/preparation_details_9679_attempt0.txt,d64aab8800cf745edd7a5b5fd6f9ec401deb5a6e7eb14a3bf46382907f821fbc
9687,국가유산수리기능자(조경공),empty,0,0,2026-10-06T09:24:10.968417+09:00,200,00,NORMAL SERVICE.,0,,0.253,http://openapi.q-net.or.kr/api/service/rest/InquiryInformationTradeNTQSVC/getList,"{""jmCd"": ""9687""}",research/responses/preparation_details_9687_attempt0.txt,d64aab8800cf745edd7a5b5fd6f9ec401deb5a6e7eb14a3bf46382907f821fbc
9681,국가유산수리기능자(철물공),empty,0,0,2026-10-06T09:24:11.731556+09:00,200,00,NORMAL SERVICE.,0,,0.12,http://openapi.q-net.or.kr/api/service/rest/InquiryInformationTradeNTQSVC/getList,"{""jmCd"": ""9681""}",research/responses/preparation_details_9681_attempt0.txt,d64aab8800cf745edd7a5b5fd6f9ec401deb5a6e7eb14a3bf46382907f821fbc
9684,국가유산수리기능자(칠공),empty,0,0,2026-10-06T09:24:12.355831+09:00,200,00,NORMAL SERVICE.,0,,0.092,http://openapi.q-net.or.kr/api/service/rest/InquiryInformationTradeNTQSVC/getList,"{""jmCd"": ""9684""}",research/responses/preparation_details_9684_attempt0.txt,d64aab8800cf745edd7a5b5fd6f9ec401deb5a6e7eb14a3bf46382907f821fbc
9686,국가유산수리기능자(표구공),empty,0,0,2026-10-06T09:24:12.954922+09:00,200,00,NORMAL SERVICE.,0,,0.107,http://openapi.q-net.or.kr/api/service/rest/InquiryInformationTradeNTQSVC/getList,"{""jmCd"": ""9686""}",research/responses/preparation_details_9686_attempt0.txt,d64aab8800cf745edd7a5b5fd6f9ec401deb5a6e7eb14a3bf46382907f821fbc
9680,국가유산수리기능자(한식미장공),empty,0,1,2026-10-06T09:24:13.566711+09:00,200,99,Failed to validate a newly established connection.,0,,0.147,http://openapi.q-net.or.kr/api/service/rest/InquiryInformationTradeNTQSVC/getList,"{""jmCd"": ""9680""}",research/responses/preparation_details_9680_attempt0.txt,2ef1ad816be949aa9f7cebf3dc7f85193f692c291bf6aaad01adb269706ac0a9
9680,국가유산수리기능자(한식미장공),empty,1,1,2026-10-06T09:24:14.714467+09:00,200,00,NORMAL SERVICE.,0,,0.245,http://openapi.q-net.or.kr/api/service/rest/InquiryInformationTradeNTQSVC/getList,"{""jmCd"": ""9680""}",research/responses/preparation_details_9680_attempt1.txt,d64aab8800cf745edd7a5b5fd6f9ec401deb5a6e7eb14a3bf46382907f821fbc
9676,국가유산수리기능자(화공),empty,0,0,2026-10-06T09:24:15.464472+09:00,200,00,NORMAL SERVICE.,0,,0.074,http://openapi.q-net.or.kr/api/service/rest/InquiryInformationTradeNTQSVC/getList,"{""jmCd"": ""9676""}",research/responses/preparation_details_9676_attempt0.txt,d64aab8800cf745edd7a5b5fd6f9ec401deb5a6e7eb14a3bf46382907f821fbc
9689,국가유산수리기능자(훈증공),empty,0,0,2026-10-06T09:24:16.045348+09:00,200,00,NORMAL SERVICE.,0,,0.26,http://openapi.q-net.or.kr/api/service/rest/InquiryInformationTradeNTQSVC/getList,"{""jmCd"": ""9689""}",research/responses/preparation_details_9689_attempt0.txt,d64aab8800cf745edd7a5b5fd6f9ec401deb5a6e7eb14a3bf46382907f821fbc
9697,경매사(수산),empty,0,1,2026-10-06T09:24:20.514350+09:00,200,99,Failed to validate a newly established connection.,0,,0.152,http://openapi.q-net.or.kr/api/service/rest/InquiryInformationTradeNTQSVC/getList,"{""jmCd"": ""9697""}",research/responses/preparation_details_9697_attempt0.txt,2ef1ad816be949aa9f7cebf3dc7f85193f692c291bf6aaad01adb269706ac0a9
9697,경매사(수산),empty,1,1,2026-10-06T09:24:21.667674+09:00,200,00,NORMAL SERVICE.,0,,0.101,http://openapi.q-net.or.kr/api/service/rest/InquiryInformationTradeNTQSVC/getList,"{""jmCd"": ""9697""}",research/responses/preparation_details_9697_attempt1.txt,d64aab8800cf745edd7a5b5fd6f9ec401deb5a6e7eb14a3bf46382907f821fbc
9700,경매사(약용),empty,0,1,2026-10-06T09:24:22.277883+09:00,200,99,Failed to validate a newly established connection.,0,,0.153,http://openapi.q-net.or.kr/api/service/rest/InquiryInformationTradeNTQSVC/getList,"{""jmCd"": ""9700""}",research/responses/preparation_details_9700_attempt0.txt,2ef1ad816be949aa9f7cebf3dc7f85193f692c291bf6aaad01adb269706ac0a9
9700,경매사(약용),empty,1,1,2026-10-06T09:24:23.430952+09:00,200,00,NORMAL SERVICE.,0,,0.111,http://openapi.q-net.or.kr/api/service/rest/InquiryInformationTradeNTQSVC/getList,"{""jmCd"": ""9700""}",research/responses/preparation_details_9700_attempt1.txt,d64aab8800cf745edd7a5b5fd6f9ec401deb5a6e7eb14a3bf46382907f821fbc
9728,경매사(양곡),empty,0,0,2026-10-06T09:24:24.046339+09:00,200,00,NORMAL SERVICE.,0,,0.293,http://openapi.q-net.or.kr/api/service/rest/InquiryInformationTradeNTQSVC/getList,"{""jmCd"": ""9728""}",research/responses/preparation_details_9728_attempt0.txt,d64aab8800cf745edd7a5b5fd6f9ec401deb5a6e7eb14a3bf46382907f821fbc
9696,경매사(청과),empty,0,0,2026-10-06T09:24:24.846768+09:00,200,00,NORMAL SERVICE.,0,,0.142,http://openapi.q-net.or.kr/api/service/rest/InquiryInformationTradeNTQSVC/getList,"{""jmCd"": ""9696""}",research/responses/preparation_details_9696_attempt0.txt,d64aab8800cf745edd7a5b5fd6f9ec401deb5a6e7eb14a3bf46382907f821fbc
9699,경매사(화훼),empty,0,1,2026-10-06T09:24:29.283575+09:00,200,99,Failed to validate a newly established connection.,0,,0.165,http://openapi.q-net.or.kr/api/service/rest/InquiryInformationTradeNTQSVC/getList,"{""jmCd"": ""9699""}",research/responses/preparation_details_9699_attempt0.txt,2ef1ad816be949aa9f7cebf3dc7f85193f692c291bf6aaad01adb269706ac0a9
9699,경매사(화훼),empty,1,1,2026-10-06T09:24:30.449057+09:00,200,00,NORMAL SERVICE.,0,,0.26,http://openapi.q-net.or.kr/api/service/rest/InquiryInformationTradeNTQSVC/getList,"{""jmCd"": ""9699""}",research/responses/preparation_details_9699_attempt1.txt,d64aab8800cf745edd7a5b5fd6f9ec401deb5a6e7eb14a3bf46382907f821fbc
9758,기술지도사(기술혁신관리),empty,0,0,2026-10-06T09:24:49.235827+09:00,200,00,NORMAL SERVICE.,0,,0.089,http://openapi.q-net.or.kr/api/service/rest/InquiryInformationTradeNTQSVC/getList,"{""jmCd"": ""9758""}",research/responses/preparation_details_9758_attempt0.txt,d64aab8800cf745edd7a5b5fd6f9ec401deb5a6e7eb14a3bf46382907f821fbc
9759,기술지도사(정보기술관리),empty,0,0,2026-10-06T09:24:49.832701+09:00,200,00,NORMAL SERVICE.,0,,0.268,http://openapi.q-net.or.kr/api/service/rest/InquiryInformationTradeNTQSVC/getList,"{""jmCd"": ""9759""}",research/responses/preparation_details_9759_attempt0.txt,d64aab8800cf745edd7a5b5fd6f9ec401deb5a6e7eb14a3bf46382907f821fbc
9740,정수시설운영관리사2급,failed,0,1,2026-10-06T09:25:21.374163+09:00,200,99,Failed to validate a newly established connection.,0,,0.158,http://openapi.q-net.or.kr/api/service/rest/InquiryInformationTradeNTQSVC/getList,"{""jmCd"": ""9740""}",research/responses/preparation_details_9740_attempt0.txt,2ef1ad816be949aa9f7cebf3dc7f85193f692c291bf6aaad01adb269706ac0a9
9740,정수시설운영관리사2급,failed,1,1,2026-10-06T09:25:22.532938+09:00,200,99,Failed to validate a newly established connection.,0,,0.175,http://openapi.q-net.or.kr/api/service/rest/InquiryInformationTradeNTQSVC/getList,"{""jmCd"": ""9740""}",research/responses/preparation_details_9740_attempt1.txt,2ef1ad816be949aa9f7cebf3dc7f85193f692c291bf6aaad01adb269706ac0a9
9753,1급 청소년상담사,failed,0,1,2026-10-06T09:27:20.487829+09:00,200,99,Failed to validate a newly established connection.,0,,0.143,http://openapi.q-net.or.kr/api/service/rest/InquiryInformationTradeNTQSVC/getList,"{""jmCd"": ""9753""}",research/responses/preparation_details_9753_attempt0.txt,2ef1ad816be949aa9f7cebf3dc7f85193f692c291bf6aaad01adb269706ac0a9
9753,1급 청소년상담사,failed,1,1,2026-10-06T09:27:21.630887+09:00,,,,,TimeoutError,20.046,http://openapi.q-net.or.kr/api/service/rest/InquiryInformationTradeNTQSVC/getList,"{""jmCd"": ""9753""}",,
9754,2급 청소년상담사,failed,0,1,2026-10-06T09:27:42.185150+09:00,,,,,TimeoutError,20.043,http://openapi.q-net.or.kr/api/service/rest/InquiryInformationTradeNTQSVC/getList,"{""jmCd"": ""9754""}",,
9754,2급 청소년상담사,failed,1,1,2026-10-06T09:28:03.228331+09:00,,,,,TimeoutError,20.049,http://openapi.q-net.or.kr/api/service/rest/InquiryInformationTradeNTQSVC/getList,"{""jmCd"": ""9754""}",,
9755,3급 청소년상담사,failed,0,1,2026-10-06T09:28:23.784553+09:00,,,,,TimeoutError,20.043,http://openapi.q-net.or.kr/api/service/rest/InquiryInformationTradeNTQSVC/getList,"{""jmCd"": ""9755""}",,
9755,3급 청소년상담사,failed,1,1,2026-10-06T09:28:44.828405+09:00,,,,,TimeoutError,20.049,http://openapi.q-net.or.kr/api/service/rest/InquiryInformationTradeNTQSVC/getList,"{""jmCd"": ""9755""}",,
