qnet_code,name,attempt_index,retrieved_at,http_status,result_code,result_message,item_count,error,elapsed_seconds,response_file
9666,국가유산수리기술자(보수),0,2026-10-06T10:53:57.131531+09:00,200,00,NORMAL SERVICE.,0,,0.39,responses/cause_probe_api_9666_attempt0.txt
9696,경매사(청과),0,2026-10-06T10:53:58.208341+09:00,200,00,NORMAL SERVICE.,0,,0.112,responses/cause_probe_api_9696_attempt0.txt
9502,기계경비지도사,0,2026-10-06T10:53:58.977246+09:00,200,00,NORMAL SERVICE.,1,,0.113,responses/cause_probe_api_9502_attempt0.txt
9662,호텔경영사,0,2026-10-06T10:53:59.740526+09:00,200,00,NORMAL SERVICE.,2,,7.159,responses/cause_probe_api_9662_attempt0.txt
9754,2급 청소년상담사,0,2026-10-06T10:54:07.695384+09:00,200,99,Failed to validate a newly established connection.,0,,0.326,responses/cause_probe_api_9754_attempt0.txt
9754,2급 청소년상담사,1,2026-10-06T10:54:09.022083+09:00,,,,,TimeoutError,20.1,
9755,3급 청소년상담사,0,2026-10-06T10:54:30.923353+09:00,,,,,TimeoutError,20.05,
9755,3급 청소년상담사,1,2026-10-06T10:54:51.974244+09:00,,,,,TimeoutError,20.053,
9630,공인중개사,0,2026-10-06T10:55:13.811807+09:00,200,00,NORMAL SERVICE.,3,,6.508,responses/cause_probe_api_9630_attempt0.txt
