qnet_code,name,category,collection_status,overview_present,duties_present,career_present,issues,source_url
0752,가스기술사,T,fetched,True,True,True,,https://www.q-net.or.kr/crf005.do?id=crf00503s01&gSite=Q&jmCd=0752&jmInfoDivCcd=A0
0080,건설기계기술사,T,fetched,True,True,True,,https://www.q-net.or.kr/crf005.do?id=crf00503s01&gSite=Q&jmCd=0080&jmInfoDivCcd=A0
0740,건설안전기술사,T,fetched,True,True,True,,https://www.q-net.or.kr/crf005.do?id=crf00503s01&gSite=Q&jmCd=0740&jmInfoDivCcd=A0
0490,건축구조기술사,T,fetched,True,True,True,,https://www.q-net.or.kr/crf005.do?id=crf00503s01&gSite=Q&jmCd=0490&jmInfoDivCcd=A0
0501,건축기계설비기술사,T,fetched,True,True,True,,https://www.q-net.or.kr/crf005.do?id=crf00503s01&gSite=Q&jmCd=0501&jmInfoDivCcd=A0
0510,건축시공기술사,T,fetched,True,True,True,,https://www.q-net.or.kr/crf005.do?id=crf00503s01&gSite=Q&jmCd=0510&jmInfoDivCcd=A0
0502,건축전기설비기술사,T,fetched,True,True,True,,https://www.q-net.or.kr/crf005.do?id=crf00503s01&gSite=Q&jmCd=0502&jmInfoDivCcd=A0
0511,건축품질시험기술사,T,fetched,True,True,True,,https://www.q-net.or.kr/crf005.do?id=crf00503s01&gSite=Q&jmCd=0511&jmInfoDivCcd=A0
0760,공장관리기술사,T,fetched,True,True,True,,https://www.q-net.or.kr/crf005.do?id=crf00503s01&gSite=Q&jmCd=0760&jmInfoDivCcd=A0
0071,공조냉동기계기술사,T,fetched,True,True,True,,https://www.q-net.or.kr/crf005.do?id=crf00503s01&gSite=Q&jmCd=0071&jmInfoDivCcd=A0
0951,교통기술사,T,fetched,True,True,True,,https://www.q-net.or.kr/crf005.do?id=crf00503s01&gSite=Q&jmCd=0951&jmInfoDivCcd=A0
0130,금속가공기술사,T,fetched,True,True,True,,https://www.q-net.or.kr/crf005.do?id=crf00503s01&gSite=Q&jmCd=0130&jmInfoDivCcd=A0
0110,금속재료기술사,T,fetched,True,True,True,,https://www.q-net.or.kr/crf005.do?id=crf00503s01&gSite=Q&jmCd=0110&jmInfoDivCcd=A0
0094,금속제련기술사,T,fetched,True,False,False,,https://www.q-net.or.kr/crf005.do?id=crf00503s01&gSite=Q&jmCd=0094&jmInfoDivCcd=A0
0012,금형기술사,T,fetched,True,True,True,,https://www.q-net.or.kr/crf005.do?id=crf00503s01&gSite=Q&jmCd=0012&jmInfoDivCcd=A0
0872,기계기술사,T,fetched,True,False,False,,https://www.q-net.or.kr/crf005.do?id=crf00503s01&gSite=Q&jmCd=0872&jmInfoDivCcd=A0
0710,기계안전기술사,T,fetched,True,True,True,,https://www.q-net.or.kr/crf005.do?id=crf00503s01&gSite=Q&jmCd=0710&jmInfoDivCcd=A0
0891,기상예보기술사,T,fetched,False,True,True,,https://www.q-net.or.kr/crf005.do?id=crf00503s01&gSite=Q&jmCd=0891&jmInfoDivCcd=A0
0470,농어업토목기술사,T,fetched,True,True,True,,https://www.q-net.or.kr/crf005.do?id=crf00503s01&gSite=Q&jmCd=0470&jmInfoDivCcd=A0
0950,농화학기술사,T,fetched,True,True,True,,https://www.q-net.or.kr/crf005.do?id=crf00503s01&gSite=Q&jmCd=0950&jmInfoDivCcd=A0
0920,대기관리기술사,T,fetched,True,True,True,,https://www.q-net.or.kr/crf005.do?id=crf00503s01&gSite=Q&jmCd=0920&jmInfoDivCcd=A0
0420,도로및공항기술사,T,fetched,True,True,True,,https://www.q-net.or.kr/crf005.do?id=crf00503s01&gSite=Q&jmCd=0420&jmInfoDivCcd=A0
0650,도시계획기술사,T,fetched,True,True,True,,https://www.q-net.or.kr/crf005.do?id=crf00503s01&gSite=Q&jmCd=0650&jmInfoDivCcd=A0
0230,발송배전기술사,T,fetched,True,True,True,,https://www.q-net.or.kr/crf005.do?id=crf00503s01&gSite=Q&jmCd=0230&jmInfoDivCcd=A0
0802,비파괴검사기술사,T,fetched,True,True,True,,https://www.q-net.or.kr/crf005.do?id=crf00503s01&gSite=Q&jmCd=0802&jmInfoDivCcd=A0
0801,산림기술사,T,fetched,True,True,True,,https://www.q-net.or.kr/crf005.do?id=crf00503s01&gSite=Q&jmCd=0801&jmInfoDivCcd=A0
0270,산업계측제어기술사,T,fetched,True,True,True,,https://www.q-net.or.kr/crf005.do?id=crf00503s01&gSite=Q&jmCd=0270&jmInfoDivCcd=A0
0060,산업기계설비기술사,T,fetched,False,True,False,,https://www.q-net.or.kr/crf005.do?id=crf00503s01&gSite=Q&jmCd=0060&jmInfoDivCcd=A0
0751,산업위생관리기술사,T,fetched,True,True,True,,https://www.q-net.or.kr/crf005.do?id=crf00503s01&gSite=Q&jmCd=0751&jmInfoDivCcd=A0
0460,상하수도기술사,T,fetched,True,True,True,,https://www.q-net.or.kr/crf005.do?id=crf00503s01&gSite=Q&jmCd=0460&jmInfoDivCcd=A0
0551,섬유기술사,T,fetched,True,False,False,,https://www.q-net.or.kr/crf005.do?id=crf00503s01&gSite=Q&jmCd=0551&jmInfoDivCcd=A0
0790,세라믹기술사,T,fetched,True,True,True,,https://www.q-net.or.kr/crf005.do?id=crf00503s01&gSite=Q&jmCd=0790&jmInfoDivCcd=A0
0750,소방기술사,T,fetched,True,True,True,,https://www.q-net.or.kr/crf005.do?id=crf00503s01&gSite=Q&jmCd=0750&jmInfoDivCcd=A0
0940,소음진동기술사,T,fetched,True,True,True,,https://www.q-net.or.kr/crf005.do?id=crf00503s01&gSite=Q&jmCd=0940&jmInfoDivCcd=A0
0701,수산양식기술사,T,fetched,True,True,True,,https://www.q-net.or.kr/crf005.do?id=crf00503s01&gSite=Q&jmCd=0701&jmInfoDivCcd=A0
0810,수산제조기술사,T,fetched,True,True,True,,https://www.q-net.or.kr/crf005.do?id=crf00503s01&gSite=Q&jmCd=0810&jmInfoDivCcd=A0
0451,수자원개발기술사,T,fetched,True,True,True,,https://www.q-net.or.kr/crf005.do?id=crf00503s01&gSite=Q&jmCd=0451&jmInfoDivCcd=A0
0930,수질관리기술사,T,fetched,True,True,True,,https://www.q-net.or.kr/crf005.do?id=crf00503s01&gSite=Q&jmCd=0930&jmInfoDivCcd=A0
0841,시설원예기술사,T,fetched,True,True,True,,https://www.q-net.or.kr/crf005.do?id=crf00503s01&gSite=Q&jmCd=0841&jmInfoDivCcd=A0
0800,식품기술사,T,fetched,True,True,True,,https://www.q-net.or.kr/crf005.do?id=crf00503s01&gSite=Q&jmCd=0800&jmInfoDivCcd=A0
0702,어업기술사,T,fetched,True,True,True,,https://www.q-net.or.kr/crf005.do?id=crf00503s01&gSite=Q&jmCd=0702&jmInfoDivCcd=A0
0011,용접기술사,T,fetched,True,True,True,,https://www.q-net.or.kr/crf005.do?id=crf00503s01&gSite=Q&jmCd=0011&jmInfoDivCcd=A0
0561,의류기술사,T,fetched,True,True,True,,https://www.q-net.or.kr/crf005.do?id=crf00503s01&gSite=Q&jmCd=0561&jmInfoDivCcd=A0
0875,인간공학기술사,T,fetched,True,True,True,,https://www.q-net.or.kr/crf005.do?id=crf00503s01&gSite=Q&jmCd=0875&jmInfoDivCcd=A0
0938,자연환경관리기술사,T,fetched,True,True,True,,https://www.q-net.or.kr/crf005.do?id=crf00503s01&gSite=Q&jmCd=0938&jmInfoDivCcd=A0
0730,전기안전기술사,T,fetched,True,True,True,,https://www.q-net.or.kr/crf005.do?id=crf00503s01&gSite=Q&jmCd=0730&jmInfoDivCcd=A0
0250,전기응용기술사,T,fetched,True,True,True,,https://www.q-net.or.kr/crf005.do?id=crf00503s01&gSite=Q&jmCd=0250&jmInfoDivCcd=A0
0432,전기철도기술사,T,fetched,True,True,True,,https://www.q-net.or.kr/crf005.do?id=crf00503s01&gSite=Q&jmCd=0432&jmInfoDivCcd=A0
0301,전자응용기술사,T,fetched,True,True,True,,https://www.q-net.or.kr/crf005.do?id=crf00503s01&gSite=Q&jmCd=0301&jmInfoDivCcd=A0
0601,정보관리기술사,T,fetched,True,True,True,,https://www.q-net.or.kr/crf005.do?id=crf00503s01&gSite=Q&jmCd=0601&jmInfoDivCcd=A0
0960,제품디자인기술사,T,fetched,True,True,True,,https://www.q-net.or.kr/crf005.do?id=crf00503s01&gSite=Q&jmCd=0960&jmInfoDivCcd=A0
0670,조경기술사,T,fetched,True,True,True,,https://www.q-net.or.kr/crf005.do?id=crf00503s01&gSite=Q&jmCd=0670&jmInfoDivCcd=A0
0320,조선기술사,T,fetched,False,True,True,,https://www.q-net.or.kr/crf005.do?id=crf00503s01&gSite=Q&jmCd=0320&jmInfoDivCcd=A0
0840,종자기술사,T,fetched,True,True,True,,https://www.q-net.or.kr/crf005.do?id=crf00503s01&gSite=Q&jmCd=0840&jmInfoDivCcd=A0
0690,지적기술사,T,fetched,True,True,True,,https://www.q-net.or.kr/crf005.do?id=crf00503s01&gSite=Q&jmCd=0690&jmInfoDivCcd=A0
0825,지질및지반기술사,T,fetched,True,True,True,,https://www.q-net.or.kr/crf005.do?id=crf00503s01&gSite=Q&jmCd=0825&jmInfoDivCcd=A0
0050,차량기술사,T,fetched,True,True,True,,https://www.q-net.or.kr/crf005.do?id=crf00503s01&gSite=Q&jmCd=0050&jmInfoDivCcd=A0
0430,철도기술사,T,fetched,True,True,True,,https://www.q-net.or.kr/crf005.do?id=crf00503s01&gSite=Q&jmCd=0430&jmInfoDivCcd=A0
0261,철도신호기술사,T,fetched,True,True,True,,https://www.q-net.or.kr/crf005.do?id=crf00503s01&gSite=Q&jmCd=0261&jmInfoDivCcd=A0
0431,철도차량기술사,T,fetched,True,True,True,,https://www.q-net.or.kr/crf005.do?id=crf00503s01&gSite=Q&jmCd=0431&jmInfoDivCcd=A0
0851,축산기술사,T,fetched,True,True,True,,https://www.q-net.or.kr/crf005.do?id=crf00503s01&gSite=Q&jmCd=0851&jmInfoDivCcd=A0
0680,측량및지형공간정보기술사,T,fetched,True,True,True,,https://www.q-net.or.kr/crf005.do?id=crf00503s01&gSite=Q&jmCd=0680&jmInfoDivCcd=A0
0622,컴퓨터시스템응용기술사,T,fetched,True,False,False,,https://www.q-net.or.kr/crf005.do?id=crf00503s01&gSite=Q&jmCd=0622&jmInfoDivCcd=A0
0400,토목구조기술사,T,fetched,True,True,True,,https://www.q-net.or.kr/crf005.do?id=crf00503s01&gSite=Q&jmCd=0400&jmInfoDivCcd=A0
0480,토목시공기술사,T,fetched,True,True,True,,https://www.q-net.or.kr/crf005.do?id=crf00503s01&gSite=Q&jmCd=0480&jmInfoDivCcd=A0
0481,토목품질시험기술사,T,fetched,True,True,True,,https://www.q-net.or.kr/crf005.do?id=crf00503s01&gSite=Q&jmCd=0481&jmInfoDivCcd=A0
0948,토양환경기술사,T,fetched,True,True,True,,https://www.q-net.or.kr/crf005.do?id=crf00503s01&gSite=Q&jmCd=0948&jmInfoDivCcd=A0
0390,토질및기초기술사,T,fetched,True,True,True,,https://www.q-net.or.kr/crf005.do?id=crf00503s01&gSite=Q&jmCd=0390&jmInfoDivCcd=A0
0970,폐기물처리기술사,T,fetched,True,True,True,,https://www.q-net.or.kr/crf005.do?id=crf00503s01&gSite=Q&jmCd=0970&jmInfoDivCcd=A0
0780,포장기술사,T,fetched,True,True,True,,https://www.q-net.or.kr/crf005.do?id=crf00503s01&gSite=Q&jmCd=0780&jmInfoDivCcd=A0
0120,표면처리기술사,T,fetched,True,True,True,,https://www.q-net.or.kr/crf005.do?id=crf00503s01&gSite=Q&jmCd=0120&jmInfoDivCcd=A0
0770,품질관리기술사,T,fetched,True,True,True,,https://www.q-net.or.kr/crf005.do?id=crf00503s01&gSite=Q&jmCd=0770&jmInfoDivCcd=A0
0370,항공기관기술사,T,fetched,True,True,True,,https://www.q-net.or.kr/crf005.do?id=crf00503s01&gSite=Q&jmCd=0370&jmInfoDivCcd=A0
0360,항공기체기술사,T,fetched,True,True,True,,https://www.q-net.or.kr/crf005.do?id=crf00503s01&gSite=Q&jmCd=0360&jmInfoDivCcd=A0
0410,항만및해안기술사,T,fetched,True,True,True,,https://www.q-net.or.kr/crf005.do?id=crf00503s01&gSite=Q&jmCd=0410&jmInfoDivCcd=A0
0700,해양기술사,T,fetched,True,True,True,,https://www.q-net.or.kr/crf005.do?id=crf00503s01&gSite=Q&jmCd=0700&jmInfoDivCcd=A0
0210,화공기술사,T,fetched,True,False,False,,https://www.q-net.or.kr/crf005.do?id=crf00503s01&gSite=Q&jmCd=0210&jmInfoDivCcd=A0
0720,화공안전기술사,T,fetched,True,True,False,,https://www.q-net.or.kr/crf005.do?id=crf00503s01&gSite=Q&jmCd=0720&jmInfoDivCcd=A0
0591,화약류관리기술사,T,fetched,True,True,True,,https://www.q-net.or.kr/crf005.do?id=crf00503s01&gSite=Q&jmCd=0591&jmInfoDivCcd=A0
3375,가스기능장,T,fetched,True,True,True,,https://www.q-net.or.kr/crf005.do?id=crf00503s01&gSite=Q&jmCd=3375&jmInfoDivCcd=A0
3120,건설기계정비기능장,T,fetched,True,True,True,,https://www.q-net.or.kr/crf005.do?id=crf00503s01&gSite=Q&jmCd=3120&jmInfoDivCcd=A0
3611,건축목재시공기능장,T,fetched,True,True,True,,https://www.q-net.or.kr/crf005.do?id=crf00503s01&gSite=Q&jmCd=3611&jmInfoDivCcd=A0
3621,건축일반시공기능장,T,fetched,True,True,True,,https://www.q-net.or.kr/crf005.do?id=crf00503s01&gSite=Q&jmCd=3621&jmInfoDivCcd=A0
3770,귀금속가공기능장,T,fetched,True,True,True,,https://www.q-net.or.kr/crf005.do?id=crf00503s01&gSite=Q&jmCd=3770&jmInfoDivCcd=A0
3221,금속재료기능장,T,fetched,True,True,True,,https://www.q-net.or.kr/crf005.do?id=crf00503s01&gSite=Q&jmCd=3221&jmInfoDivCcd=A0
3061,금형기능장,T,fetched,True,True,True,,https://www.q-net.or.kr/crf005.do?id=crf00503s01&gSite=Q&jmCd=3061&jmInfoDivCcd=A0
3021,기계가공기능장,T,fetched,True,True,True,,https://www.q-net.or.kr/crf005.do?id=crf00503s01&gSite=Q&jmCd=3021&jmInfoDivCcd=A0
3924,미용장,T,fetched,True,True,True,,https://www.q-net.or.kr/crf005.do?id=crf00503s01&gSite=Q&jmCd=3924&jmInfoDivCcd=A0
3081,배관기능장,T,fetched,True,True,True,,https://www.q-net.or.kr/crf005.do?id=crf00503s01&gSite=Q&jmCd=3081&jmInfoDivCcd=A0
9773,산림기능장,T,fetched,True,True,True,,https://www.q-net.or.kr/crf005.do?id=crf00503s01&gSite=Q&jmCd=9773&jmInfoDivCcd=A0
3270,압연기능장,T,fetched,True,True,True,,https://www.q-net.or.kr/crf005.do?id=crf00503s01&gSite=Q&jmCd=3270&jmInfoDivCcd=A0
3170,에너지관리기능장,T,fetched,True,True,True,,https://www.q-net.or.kr/crf005.do?id=crf00503s01&gSite=Q&jmCd=3170&jmInfoDivCcd=A0
3100,용접기능장,T,fetched,True,True,True,,https://www.q-net.or.kr/crf005.do?id=crf00503s01&gSite=Q&jmCd=3100&jmInfoDivCcd=A0
3360,위험물기능장,T,fetched,True,True,True,,https://www.q-net.or.kr/crf005.do?id=crf00503s01&gSite=Q&jmCd=3360&jmInfoDivCcd=A0
3925,이용장,T,fetched,True,True,True,,https://www.q-net.or.kr/crf005.do?id=crf00503s01&gSite=Q&jmCd=3925&jmInfoDivCcd=A0
3110,자동차정비기능장,T,fetched,True,True,True,,https://www.q-net.or.kr/crf005.do?id=crf00503s01&gSite=Q&jmCd=3110&jmInfoDivCcd=A0
3911,잠수기능장,T,fetched,True,True,True,,https://www.q-net.or.kr/crf005.do?id=crf00503s01&gSite=Q&jmCd=3911&jmInfoDivCcd=A0
3380,전기기능장,T,fetched,True,True,True,,https://www.q-net.or.kr/crf005.do?id=crf00503s01&gSite=Q&jmCd=3380&jmInfoDivCcd=A0
3410,전자기능장,T,fetched,True,True,True,,https://www.q-net.or.kr/crf005.do?id=crf00503s01&gSite=Q&jmCd=3410&jmInfoDivCcd=A0
3240,제강기능장,T,fetched,True,True,True,,https://www.q-net.or.kr/crf005.do?id=crf00503s01&gSite=Q&jmCd=3240&jmInfoDivCcd=A0
3923,제과기능장,T,fetched,True,True,True,,https://www.q-net.or.kr/crf005.do?id=crf00503s01&gSite=Q&jmCd=3923&jmInfoDivCcd=A0
3230,제선기능장,T,fetched,True,True,True,,https://www.q-net.or.kr/crf005.do?id=crf00503s01&gSite=Q&jmCd=3230&jmInfoDivCcd=A0
3922,조리기능장,T,fetched,True,True,True,,https://www.q-net.or.kr/crf005.do?id=crf00503s01&gSite=Q&jmCd=3922&jmInfoDivCcd=A0
3200,주조기능장,T,fetched,True,True,True,,https://www.q-net.or.kr/crf005.do?id=crf00503s01&gSite=Q&jmCd=3200&jmInfoDivCcd=A0
3150,철도차량정비기능장,T,fetched,True,True,True,,https://www.q-net.or.kr/crf005.do?id=crf00503s01&gSite=Q&jmCd=3150&jmInfoDivCcd=A0
3095,판금제관기능장,T,fetched,True,True,True,,https://www.q-net.or.kr/crf005.do?id=crf00503s01&gSite=Q&jmCd=3095&jmInfoDivCcd=A0
3210,표면처리기능장,T,fetched,True,True,True,,https://www.q-net.or.kr/crf005.do?id=crf00503s01&gSite=Q&jmCd=3210&jmInfoDivCcd=A0
3643,한복기능장,T,fetched,False,True,True,,https://www.q-net.or.kr/crf005.do?id=crf00503s01&gSite=Q&jmCd=3643&jmInfoDivCcd=A0
2177,3D프린터개발산업기사,T,fetched,True,True,True,,https://www.q-net.or.kr/crf005.do?id=crf00503s01&gSite=Q&jmCd=2177&jmInfoDivCcd=A0
2142,가구제작산업기사,T,fetched,True,True,True,,https://www.q-net.or.kr/crf005.do?id=crf00503s01&gSite=Q&jmCd=2142&jmInfoDivCcd=A0
1471,가스기사,T,fetched,True,True,True,,https://www.q-net.or.kr/crf005.do?id=crf00503s01&gSite=Q&jmCd=1471&jmInfoDivCcd=A0
2471,가스산업기사,T,fetched,True,True,True,,https://www.q-net.or.kr/crf005.do?id=crf00503s01&gSite=Q&jmCd=2471&jmInfoDivCcd=A0
2044,객화차정비산업기사,T,fetched,True,True,True,,https://www.q-net.or.kr/crf005.do?id=crf00503s01&gSite=Q&jmCd=2044&jmInfoDivCcd=A0
1040,건설기계설비기사,T,fetched,True,True,True,,https://www.q-net.or.kr/crf005.do?id=crf00503s01&gSite=Q&jmCd=1040&jmInfoDivCcd=A0
2040,건설기계설비산업기사,T,fetched,True,True,True,,https://www.q-net.or.kr/crf005.do?id=crf00503s01&gSite=Q&jmCd=2040&jmInfoDivCcd=A0
1050,건설기계정비기사,T,fetched,True,True,True,,https://www.q-net.or.kr/crf005.do?id=crf00503s01&gSite=Q&jmCd=1050&jmInfoDivCcd=A0
2050,건설기계정비산업기사,T,fetched,True,True,True,,https://www.q-net.or.kr/crf005.do?id=crf00503s01&gSite=Q&jmCd=2050&jmInfoDivCcd=A0
1440,건설안전기사,T,fetched,True,True,False,,https://www.q-net.or.kr/crf005.do?id=crf00503s01&gSite=Q&jmCd=1440&jmInfoDivCcd=A0
2390,건설안전산업기사,T,fetched,True,True,False,,https://www.q-net.or.kr/crf005.do?id=crf00503s01&gSite=Q&jmCd=2390&jmInfoDivCcd=A0
1750,건설재료시험기사,T,fetched,True,True,True,,https://www.q-net.or.kr/crf005.do?id=crf00503s01&gSite=Q&jmCd=1750&jmInfoDivCcd=A0
2600,건설재료시험산업기사,T,fetched,True,True,True,,https://www.q-net.or.kr/crf005.do?id=crf00503s01&gSite=Q&jmCd=2600&jmInfoDivCcd=A0
1630,건축기사,T,fetched,True,True,True,,https://www.q-net.or.kr/crf005.do?id=crf00503s01&gSite=Q&jmCd=1630&jmInfoDivCcd=A0
2253,건축목공산업기사,T,fetched,True,True,True,,https://www.q-net.or.kr/crf005.do?id=crf00503s01&gSite=Q&jmCd=2253&jmInfoDivCcd=A0
2530,건축산업기사,T,fetched,True,True,True,,https://www.q-net.or.kr/crf005.do?id=crf00503s01&gSite=Q&jmCd=2530&jmInfoDivCcd=A0
1632,건축설비기사,T,fetched,True,True,True,,https://www.q-net.or.kr/crf005.do?id=crf00503s01&gSite=Q&jmCd=1632&jmInfoDivCcd=A0
2531,건축설비산업기사,T,fetched,True,True,True,,https://www.q-net.or.kr/crf005.do?id=crf00503s01&gSite=Q&jmCd=2531&jmInfoDivCcd=A0
2251,건축일반시공산업기사,T,fetched,True,True,True,,https://www.q-net.or.kr/crf005.do?id=crf00503s01&gSite=Q&jmCd=2251&jmInfoDivCcd=A0
2331,공간정보융합산업기사,T,fetched,True,True,True,,https://www.q-net.or.kr/crf005.do?id=crf00503s01&gSite=Q&jmCd=2331&jmInfoDivCcd=A0
9777,공공조달관리사,T,fetched,True,True,True,,https://www.q-net.or.kr/crf005.do?id=crf00503s01&gSite=Q&jmCd=9777&jmInfoDivCcd=A0
1730,공조냉동기계기사,T,fetched,True,True,True,,https://www.q-net.or.kr/crf005.do?id=crf00503s01&gSite=Q&jmCd=1730&jmInfoDivCcd=A0
2590,공조냉동기계산업기사,T,fetched,True,True,True,,https://www.q-net.or.kr/crf005.do?id=crf00503s01&gSite=Q&jmCd=2590&jmInfoDivCcd=A0
2108,광학기기산업기사,T,fetched,True,True,True,,https://www.q-net.or.kr/crf005.do?id=crf00503s01&gSite=Q&jmCd=2108&jmInfoDivCcd=A0
1513,광학기사,T,fetched,True,True,True,,https://www.q-net.or.kr/crf005.do?id=crf00503s01&gSite=Q&jmCd=1513&jmInfoDivCcd=A0
1751,교통기사,T,fetched,True,True,True,,https://www.q-net.or.kr/crf005.do?id=crf00503s01&gSite=Q&jmCd=1751&jmInfoDivCcd=A0
2751,교통산업기사,T,fetched,True,True,True,,https://www.q-net.or.kr/crf005.do?id=crf00503s01&gSite=Q&jmCd=2751&jmInfoDivCcd=A0
9105,국제의료관광코디네이터,T,fetched,True,True,True,,https://www.q-net.or.kr/crf005.do?id=crf00503s01&gSite=Q&jmCd=9105&jmInfoDivCcd=A0
1051,궤도장비정비기사,T,fetched,True,True,True,,https://www.q-net.or.kr/crf005.do?id=crf00503s01&gSite=Q&jmCd=1051&jmInfoDivCcd=A0
2051,궤도장비정비산업기사,T,fetched,True,True,True,,https://www.q-net.or.kr/crf005.do?id=crf00503s01&gSite=Q&jmCd=2051&jmInfoDivCcd=A0
2760,귀금속가공산업기사,T,fetched,True,True,True,,https://www.q-net.or.kr/crf005.do?id=crf00503s01&gSite=Q&jmCd=2760&jmInfoDivCcd=A0
1027,그린전동자동차기사,T,fetched,True,True,False,,https://www.q-net.or.kr/crf005.do?id=crf00503s01&gSite=Q&jmCd=1027&jmInfoDivCcd=A0
1104,금속재료기사,T,fetched,True,True,True,,https://www.q-net.or.kr/crf005.do?id=crf00503s01&gSite=Q&jmCd=1104&jmInfoDivCcd=A0
2101,금속재료산업기사,T,fetched,True,True,True,,https://www.q-net.or.kr/crf005.do?id=crf00503s01&gSite=Q&jmCd=2101&jmInfoDivCcd=A0
2031,기계설계산업기사,T,fetched,True,True,True,,https://www.q-net.or.kr/crf005.do?id=crf00503s01&gSite=Q&jmCd=2031&jmInfoDivCcd=A0
2011,기계조립산업기사,T,fetched,True,True,True,,https://www.q-net.or.kr/crf005.do?id=crf00503s01&gSite=Q&jmCd=2011&jmInfoDivCcd=A0
1601,기상감정기사,T,fetched,True,True,True,,https://www.q-net.or.kr/crf005.do?id=crf00503s01&gSite=Q&jmCd=1601&jmInfoDivCcd=A0
1600,기상기사,T,fetched,True,True,True,,https://www.q-net.or.kr/crf005.do?id=crf00503s01&gSite=Q&jmCd=1600&jmInfoDivCcd=A0
1582,농림토양평가관리기사,T,fetched,True,True,True,,https://www.q-net.or.kr/crf005.do?id=crf00503s01&gSite=Q&jmCd=1582&jmInfoDivCcd=A0
2582,농림토양평가관리산업기사,T,fetched,True,True,True,,https://www.q-net.or.kr/crf005.do?id=crf00503s01&gSite=Q&jmCd=2582&jmInfoDivCcd=A0
1023,농업기계기사,T,fetched,True,True,True,,https://www.q-net.or.kr/crf005.do?id=crf00503s01&gSite=Q&jmCd=1023&jmInfoDivCcd=A0
2027,농업기계산업기사,T,fetched,True,True,True,,https://www.q-net.or.kr/crf005.do?id=crf00503s01&gSite=Q&jmCd=2027&jmInfoDivCcd=A0
1442,농작업안전보건기사,T,fetched,True,True,True,,https://www.q-net.or.kr/crf005.do?id=crf00503s01&gSite=Q&jmCd=1442&jmInfoDivCcd=A0
1617,누설비파괴검사기사,T,fetched,True,True,True,,https://www.q-net.or.kr/crf005.do?id=crf00503s01&gSite=Q&jmCd=1617&jmInfoDivCcd=A0
1661,대기환경기사,T,fetched,True,True,True,,https://www.q-net.or.kr/crf005.do?id=crf00503s01&gSite=Q&jmCd=1661&jmInfoDivCcd=A0
2571,대기환경산업기사,T,fetched,True,True,True,,https://www.q-net.or.kr/crf005.do?id=crf00503s01&gSite=Q&jmCd=2571&jmInfoDivCcd=A0
1350,도시계획기사,T,fetched,True,True,True,,https://www.q-net.or.kr/crf005.do?id=crf00503s01&gSite=Q&jmCd=1350&jmInfoDivCcd=A0
2391,디지털인쇄산업기사,T,fetched,True,True,True,,https://www.q-net.or.kr/crf005.do?id=crf00503s01&gSite=Q&jmCd=2391&jmInfoDivCcd=A0
1177,로봇기구개발기사,T,fetched,True,True,True,,https://www.q-net.or.kr/crf005.do?id=crf00503s01&gSite=Q&jmCd=1177&jmInfoDivCcd=A0
1178,로봇소프트웨어개발기사,T,fetched,True,True,True,,https://www.q-net.or.kr/crf005.do?id=crf00503s01&gSite=Q&jmCd=1178&jmInfoDivCcd=A0
1179,로봇하드웨어개발기사,T,fetched,True,True,True,,https://www.q-net.or.kr/crf005.do?id=crf00503s01&gSite=Q&jmCd=1179&jmInfoDivCcd=A0
9545,멀티미디어콘텐츠제작전문가,T,fetched,True,False,True,,https://www.q-net.or.kr/crf005.do?id=crf00503s01&gSite=Q&jmCd=9545&jmInfoDivCcd=A0
2060,메카트로닉스산업기사,T,fetched,True,True,True,,https://www.q-net.or.kr/crf005.do?id=crf00503s01&gSite=Q&jmCd=2060&jmInfoDivCcd=A0
1800,바이오화학제품제조기사,T,fetched,True,True,True,,https://www.q-net.or.kr/crf005.do?id=crf00503s01&gSite=Q&jmCd=1800&jmInfoDivCcd=A0
2570,바이오화학제품제조산업기사,T,fetched,True,True,True,,https://www.q-net.or.kr/crf005.do?id=crf00503s01&gSite=Q&jmCd=2570&jmInfoDivCcd=A0
2175,반도체커스텀레이아웃산업기사,T,fetched,True,True,True,,https://www.q-net.or.kr/crf005.do?id=crf00503s01&gSite=Q&jmCd=2175&jmInfoDivCcd=A0
1611,방사선비파괴검사기사,T,fetched,True,True,True,,https://www.q-net.or.kr/crf005.do?id=crf00503s01&gSite=Q&jmCd=1611&jmInfoDivCcd=A0
2611,방사선비파괴검사산업기사,T,fetched,True,True,True,,https://www.q-net.or.kr/crf005.do?id=crf00503s01&gSite=Q&jmCd=2611&jmInfoDivCcd=A0
2630,방수산업기사,T,fetched,True,True,True,,https://www.q-net.or.kr/crf005.do?id=crf00503s01&gSite=Q&jmCd=2630&jmInfoDivCcd=A0
1443,방재기사,T,fetched,True,False,True,,https://www.q-net.or.kr/crf005.do?id=crf00503s01&gSite=Q&jmCd=1443&jmInfoDivCcd=A0
2041,배관산업기사,T,fetched,True,True,True,,https://www.q-net.or.kr/crf005.do?id=crf00503s01&gSite=Q&jmCd=2041&jmInfoDivCcd=A0
1641,버섯산업기사,T,fetched,True,True,True,,https://www.q-net.or.kr/crf005.do?id=crf00503s01&gSite=Q&jmCd=1641&jmInfoDivCcd=A0
2980,보석감정산업기사,T,fetched,True,True,True,,https://www.q-net.or.kr/crf005.do?id=crf00503s01&gSite=Q&jmCd=2980&jmInfoDivCcd=A0
2880,보석디자인산업기사,T,fetched,True,True,True,,https://www.q-net.or.kr/crf005.do?id=crf00503s01&gSite=Q&jmCd=2880&jmInfoDivCcd=A0
2975,복어조리산업기사,T,fetched,True,True,True,,https://www.q-net.or.kr/crf005.do?id=crf00503s01&gSite=Q&jmCd=2975&jmInfoDivCcd=A0
2193,사무자동화산업기사,T,fetched,True,True,True,,https://www.q-net.or.kr/crf005.do?id=crf00503s01&gSite=Q&jmCd=2193&jmInfoDivCcd=A0
1024,사출금형기사,T,fetched,True,True,True,,https://www.q-net.or.kr/crf005.do?id=crf00503s01&gSite=Q&jmCd=1024&jmInfoDivCcd=A0
2028,사출금형산업기사,T,fetched,True,True,True,,https://www.q-net.or.kr/crf005.do?id=crf00503s01&gSite=Q&jmCd=2028&jmInfoDivCcd=A0
9520,사회조사분석사1급,T,fetched,True,True,True,,https://www.q-net.or.kr/crf005.do?id=crf00503s01&gSite=Q&jmCd=9520&jmInfoDivCcd=A0
9521,사회조사분석사2급,T,fetched,True,True,True,,https://www.q-net.or.kr/crf005.do?id=crf00503s01&gSite=Q&jmCd=9521&jmInfoDivCcd=A0
1564,산림기사,T,fetched,True,True,True,,https://www.q-net.or.kr/crf005.do?id=crf00503s01&gSite=Q&jmCd=1564&jmInfoDivCcd=A0
2481,산림산업기사,T,fetched,True,True,True,,https://www.q-net.or.kr/crf005.do?id=crf00503s01&gSite=Q&jmCd=2481&jmInfoDivCcd=A0
1431,산업안전기사,T,fetched,True,True,True,,https://www.q-net.or.kr/crf005.do?id=crf00503s01&gSite=Q&jmCd=1431&jmInfoDivCcd=A0
2381,산업안전산업기사,T,fetched,True,True,True,,https://www.q-net.or.kr/crf005.do?id=crf00503s01&gSite=Q&jmCd=2381&jmInfoDivCcd=A0
1472,산업위생관리기사,T,fetched,True,True,True,,https://www.q-net.or.kr/crf005.do?id=crf00503s01&gSite=Q&jmCd=1472&jmInfoDivCcd=A0
2472,산업위생관리산업기사,T,fetched,True,True,True,,https://www.q-net.or.kr/crf005.do?id=crf00503s01&gSite=Q&jmCd=2472&jmInfoDivCcd=A0
1989,생물분류기사(동물),T,fetched,True,True,True,,https://www.q-net.or.kr/crf005.do?id=crf00503s01&gSite=Q&jmCd=1989&jmInfoDivCcd=A0
1988,생물분류기사(식물),T,fetched,True,True,True,,https://www.q-net.or.kr/crf005.do?id=crf00503s01&gSite=Q&jmCd=1988&jmInfoDivCcd=A0
1837,설비보전기사,T,fetched,True,True,True,,https://www.q-net.or.kr/crf005.do?id=crf00503s01&gSite=Q&jmCd=1837&jmInfoDivCcd=A0
2035,설비보전산업기사,T,fetched,True,True,True,,https://www.q-net.or.kr/crf005.do?id=crf00503s01&gSite=Q&jmCd=2035&jmInfoDivCcd=A0
1297,섬유기사,T,fetched,True,True,True,,https://www.q-net.or.kr/crf005.do?id=crf00503s01&gSite=Q&jmCd=1297&jmInfoDivCcd=A0
2264,섬유디자인산업기사,T,fetched,True,True,True,,https://www.q-net.or.kr/crf005.do?id=crf00503s01&gSite=Q&jmCd=2264&jmInfoDivCcd=A0
2277,섬유산업기사,T,fetched,True,True,True,,https://www.q-net.or.kr/crf005.do?id=crf00503s01&gSite=Q&jmCd=2277&jmInfoDivCcd=A0
1900,소방설비기사(기계분야),T,fetched,True,True,True,,https://www.q-net.or.kr/crf005.do?id=crf00503s01&gSite=Q&jmCd=1900&jmInfoDivCcd=A0
1910,소방설비기사(전기분야),T,fetched,True,True,True,,https://www.q-net.or.kr/crf005.do?id=crf00503s01&gSite=Q&jmCd=1910&jmInfoDivCcd=A0
2900,소방설비산업기사(기계분야),T,fetched,True,True,True,,https://www.q-net.or.kr/crf005.do?id=crf00503s01&gSite=Q&jmCd=2900&jmInfoDivCcd=A0
2910,소방설비산업기사(전기분야),T,fetched,True,True,True,,https://www.q-net.or.kr/crf005.do?id=crf00503s01&gSite=Q&jmCd=2910&jmInfoDivCcd=A0
9537,소비자전문상담사1급,T,fetched,True,True,True,,https://www.q-net.or.kr/crf005.do?id=crf00503s01&gSite=Q&jmCd=9537&jmInfoDivCcd=A0
9538,소비자전문상담사2급,T,fetched,True,True,True,,https://www.q-net.or.kr/crf005.do?id=crf00503s01&gSite=Q&jmCd=9538&jmInfoDivCcd=A0
1663,소음진동기사,T,fetched,True,True,True,,https://www.q-net.or.kr/crf005.do?id=crf00503s01&gSite=Q&jmCd=1663&jmInfoDivCcd=A0
2573,소음진동산업기사,T,fetched,True,True,True,,https://www.q-net.or.kr/crf005.do?id=crf00503s01&gSite=Q&jmCd=2573&jmInfoDivCcd=A0
1625,수산양식기사,T,fetched,True,True,True,,https://www.q-net.or.kr/crf005.do?id=crf00503s01&gSite=Q&jmCd=1625&jmInfoDivCcd=A0
2520,수산양식산업기사,T,fetched,True,True,True,,https://www.q-net.or.kr/crf005.do?id=crf00503s01&gSite=Q&jmCd=2520&jmInfoDivCcd=A0
1540,수산제조기사,T,fetched,True,True,True,,https://www.q-net.or.kr/crf005.do?id=crf00503s01&gSite=Q&jmCd=1540&jmInfoDivCcd=A0
1662,수질환경기사,T,fetched,True,True,True,,https://www.q-net.or.kr/crf005.do?id=crf00503s01&gSite=Q&jmCd=1662&jmInfoDivCcd=A0
2572,수질환경산업기사,T,fetched,True,True,True,,https://www.q-net.or.kr/crf005.do?id=crf00503s01&gSite=Q&jmCd=2572&jmInfoDivCcd=A0
9772,스마트공장산업기사,T,empty,False,False,False,career_sections_missing,https://www.q-net.or.kr/crf005.do?id=crf00503s01&gSite=Q&jmCd=9772&jmInfoDivCcd=A0
9546,스포츠경영관리사,T,fetched,True,True,True,,https://www.q-net.or.kr/crf005.do?id=crf00503s01&gSite=Q&jmCd=9546&jmInfoDivCcd=A0
1555,승강기기사,T,fetched,True,True,True,,https://www.q-net.or.kr/crf005.do?id=crf00503s01&gSite=Q&jmCd=1555&jmInfoDivCcd=A0
2395,승강기산업기사,T,fetched,True,True,True,,https://www.q-net.or.kr/crf005.do?id=crf00503s01&gSite=Q&jmCd=2395&jmInfoDivCcd=A0
1790,시각디자인기사,T,empty,False,False,False,career_sections_missing,https://www.q-net.or.kr/crf005.do?id=crf00503s01&gSite=Q&jmCd=1790&jmInfoDivCcd=A0
2434,시각디자인산업기사,T,empty,False,False,False,career_sections_missing,https://www.q-net.or.kr/crf005.do?id=crf00503s01&gSite=Q&jmCd=2434&jmInfoDivCcd=A0
1780,시설원예기사,T,fetched,True,True,True,,https://www.q-net.or.kr/crf005.do?id=crf00503s01&gSite=Q&jmCd=1780&jmInfoDivCcd=A0
1562,식물보호기사,T,fetched,True,True,True,,https://www.q-net.or.kr/crf005.do?id=crf00503s01&gSite=Q&jmCd=1562&jmInfoDivCcd=A0
2562,식물보호산업기사,T,fetched,True,True,True,,https://www.q-net.or.kr/crf005.do?id=crf00503s01&gSite=Q&jmCd=2562&jmInfoDivCcd=A0
1541,식육가공기사,T,fetched,True,True,True,,https://www.q-net.or.kr/crf005.do?id=crf00503s01&gSite=Q&jmCd=1541&jmInfoDivCcd=A0
2450,식품산업기사,T,fetched,True,True,True,,https://www.q-net.or.kr/crf005.do?id=crf00503s01&gSite=Q&jmCd=2450&jmInfoDivCcd=A0
1530,식품안전기사,T,fetched,True,True,True,,https://www.q-net.or.kr/crf005.do?id=crf00503s01&gSite=Q&jmCd=1530&jmInfoDivCcd=A0
2302,신발산업기사,T,fetched,True,True,False,,https://www.q-net.or.kr/crf005.do?id=crf00503s01&gSite=Q&jmCd=2302&jmInfoDivCcd=A0
1114,신재생에너지발전설비기사(태양광),T,fetched,True,True,True,,https://www.q-net.or.kr/crf005.do?id=crf00503s01&gSite=Q&jmCd=1114&jmInfoDivCcd=A0
2114,신재생에너지발전설비산업기사(태양광),T,fetched,True,True,True,,https://www.q-net.or.kr/crf005.do?id=crf00503s01&gSite=Q&jmCd=2114&jmInfoDivCcd=A0
1282,실내건축기사,T,fetched,True,True,True,,https://www.q-net.or.kr/crf005.do?id=crf00503s01&gSite=Q&jmCd=1282&jmInfoDivCcd=A0
2282,실내건축산업기사,T,fetched,True,True,True,,https://www.q-net.or.kr/crf005.do?id=crf00503s01&gSite=Q&jmCd=2282&jmInfoDivCcd=A0
2972,양식조리산업기사,T,fetched,True,True,True,,https://www.q-net.or.kr/crf005.do?id=crf00503s01&gSite=Q&jmCd=2972&jmInfoDivCcd=A0
2631,어로산업기사,T,fetched,True,True,True,,https://www.q-net.or.kr/crf005.do?id=crf00503s01&gSite=Q&jmCd=2631&jmInfoDivCcd=A0
1626,어병기사,T,fetched,True,True,True,,https://www.q-net.or.kr/crf005.do?id=crf00503s01&gSite=Q&jmCd=1626&jmInfoDivCcd=A0
1633,어업생산관리기사,T,fetched,True,True,True,,https://www.q-net.or.kr/crf005.do?id=crf00503s01&gSite=Q&jmCd=1633&jmInfoDivCcd=A0
1340,에너지관리기사,T,fetched,True,True,True,,https://www.q-net.or.kr/crf005.do?id=crf00503s01&gSite=Q&jmCd=1340&jmInfoDivCcd=A0
2960,에너지관리산업기사,T,fetched,True,True,True,,https://www.q-net.or.kr/crf005.do?id=crf00503s01&gSite=Q&jmCd=2960&jmInfoDivCcd=A0
1028,온실가스관리기사,T,fetched,True,True,True,,https://www.q-net.or.kr/crf005.do?id=crf00503s01&gSite=Q&jmCd=1028&jmInfoDivCcd=A0
1615,와전류비파괴검사기사,T,fetched,True,True,True,,https://www.q-net.or.kr/crf005.do?id=crf00503s01&gSite=Q&jmCd=1615&jmInfoDivCcd=A0
1022,용접기사,T,fetched,True,True,True,,https://www.q-net.or.kr/crf005.do?id=crf00503s01&gSite=Q&jmCd=1022&jmInfoDivCcd=A0
2026,용접산업기사,T,fetched,True,True,True,,https://www.q-net.or.kr/crf005.do?id=crf00503s01&gSite=Q&jmCd=2026&jmInfoDivCcd=A0
2121,위험물산업기사,T,fetched,True,True,True,,https://www.q-net.or.kr/crf005.do?id=crf00503s01&gSite=Q&jmCd=2121&jmInfoDivCcd=A0
1592,유기농업기사,T,fetched,True,True,True,,https://www.q-net.or.kr/crf005.do?id=crf00503s01&gSite=Q&jmCd=1592&jmInfoDivCcd=A0
2592,유기농업산업기사,T,fetched,True,True,True,,https://www.q-net.or.kr/crf005.do?id=crf00503s01&gSite=Q&jmCd=2592&jmInfoDivCcd=A0
1550,응용지질기사,T,fetched,True,True,True,,https://www.q-net.or.kr/crf005.do?id=crf00503s01&gSite=Q&jmCd=1550&jmInfoDivCcd=A0
1176,의공기사,T,fetched,True,True,True,,https://www.q-net.or.kr/crf005.do?id=crf00503s01&gSite=Q&jmCd=1176&jmInfoDivCcd=A0
2176,의공산업기사,T,fetched,True,True,True,,https://www.q-net.or.kr/crf005.do?id=crf00503s01&gSite=Q&jmCd=2176&jmInfoDivCcd=A0
1301,의류기사,T,fetched,True,True,True,,https://www.q-net.or.kr/crf005.do?id=crf00503s01&gSite=Q&jmCd=1301&jmInfoDivCcd=A0
9547,이러닝운영관리사,T,fetched,True,True,False,,https://www.q-net.or.kr/crf005.do?id=crf00503s01&gSite=Q&jmCd=9547&jmInfoDivCcd=A0
1875,인간공학기사,T,fetched,True,True,True,,https://www.q-net.or.kr/crf005.do?id=crf00503s01&gSite=Q&jmCd=1875&jmInfoDivCcd=A0
1391,인쇄설계기사,T,fetched,True,True,True,,https://www.q-net.or.kr/crf005.do?id=crf00503s01&gSite=Q&jmCd=1391&jmInfoDivCcd=A0
1021,일반기계기사,T,fetched,True,True,True,,https://www.q-net.or.kr/crf005.do?id=crf00503s01&gSite=Q&jmCd=1021&jmInfoDivCcd=A0
2973,일식조리산업기사,T,fetched,True,True,True,,https://www.q-net.or.kr/crf005.do?id=crf00503s01&gSite=Q&jmCd=2973&jmInfoDivCcd=A0
1121,임베디드기사,T,fetched,True,True,True,,https://www.q-net.or.kr/crf005.do?id=crf00503s01&gSite=Q&jmCd=1121&jmInfoDivCcd=A0
1590,임산가공기사,T,fetched,True,True,True,,https://www.q-net.or.kr/crf005.do?id=crf00503s01&gSite=Q&jmCd=1590&jmInfoDivCcd=A0
9539,임상심리사1급,T,fetched,True,True,True,,https://www.q-net.or.kr/crf005.do?id=crf00503s01&gSite=Q&jmCd=9539&jmInfoDivCcd=A0
9540,임상심리사2급,T,fetched,True,True,True,,https://www.q-net.or.kr/crf005.do?id=crf00503s01&gSite=Q&jmCd=9540&jmInfoDivCcd=A0
1570,임업종묘기사,T,fetched,True,True,True,,https://www.q-net.or.kr/crf005.do?id=crf00503s01&gSite=Q&jmCd=1570&jmInfoDivCcd=A0
1613,자기비파괴검사기사,T,fetched,True,True,True,,https://www.q-net.or.kr/crf005.do?id=crf00503s01&gSite=Q&jmCd=1613&jmInfoDivCcd=A0
2613,자기비파괴검사산업기사,T,fetched,True,True,True,,https://www.q-net.or.kr/crf005.do?id=crf00503s01&gSite=Q&jmCd=2613&jmInfoDivCcd=A0
1070,자동차정비기사,T,fetched,True,True,True,,https://www.q-net.or.kr/crf005.do?id=crf00503s01&gSite=Q&jmCd=1070&jmInfoDivCcd=A0
2070,자동차정비산업기사,T,fetched,True,True,True,,https://www.q-net.or.kr/crf005.do?id=crf00503s01&gSite=Q&jmCd=2070&jmInfoDivCcd=A0
2034,자동화설비산업기사,T,fetched,True,True,True,,https://www.q-net.or.kr/crf005.do?id=crf00503s01&gSite=Q&jmCd=2034&jmInfoDivCcd=A0
1938,자연생태복원기사,T,fetched,True,False,False,,https://www.q-net.or.kr/crf005.do?id=crf00503s01&gSite=Q&jmCd=1938&jmInfoDivCcd=A0
2938,자연생태복원산업기사,T,fetched,True,True,True,,https://www.q-net.or.kr/crf005.do?id=crf00503s01&gSite=Q&jmCd=2938&jmInfoDivCcd=A0
2521,잠수산업기사,T,fetched,True,True,True,,https://www.q-net.or.kr/crf005.do?id=crf00503s01&gSite=Q&jmCd=2521&jmInfoDivCcd=A0
1160,전기공사기사,T,fetched,True,True,True,,https://www.q-net.or.kr/crf005.do?id=crf00503s01&gSite=Q&jmCd=1160&jmInfoDivCcd=A0
2150,전기공사산업기사,T,fetched,True,True,True,,https://www.q-net.or.kr/crf005.do?id=crf00503s01&gSite=Q&jmCd=2150&jmInfoDivCcd=A0
2151,전기기기산업기사,T,fetched,True,True,True,,https://www.q-net.or.kr/crf005.do?id=crf00503s01&gSite=Q&jmCd=2151&jmInfoDivCcd=A0
1150,전기기사,T,fetched,True,True,True,,https://www.q-net.or.kr/crf005.do?id=crf00503s01&gSite=Q&jmCd=1150&jmInfoDivCcd=A0
2140,전기산업기사,T,fetched,True,True,True,,https://www.q-net.or.kr/crf005.do?id=crf00503s01&gSite=Q&jmCd=2140&jmInfoDivCcd=A0
1741,전기철도기사,T,fetched,True,True,True,,https://www.q-net.or.kr/crf005.do?id=crf00503s01&gSite=Q&jmCd=1741&jmInfoDivCcd=A0
2036,전기철도산업기사,T,fetched,True,True,True,,https://www.q-net.or.kr/crf005.do?id=crf00503s01&gSite=Q&jmCd=2036&jmInfoDivCcd=A0
1170,전자기사,T,fetched,True,True,True,,https://www.q-net.or.kr/crf005.do?id=crf00503s01&gSite=Q&jmCd=1170&jmInfoDivCcd=A0
2170,전자산업기사,T,fetched,True,True,True,,https://www.q-net.or.kr/crf005.do?id=crf00503s01&gSite=Q&jmCd=2170&jmInfoDivCcd=A0
2172,전자회로설계산업기사,T,fetched,False,True,True,,https://www.q-net.or.kr/crf005.do?id=crf00503s01&gSite=Q&jmCd=2172&jmInfoDivCcd=A0
2104,정밀측정산업기사,T,fetched,True,True,True,,https://www.q-net.or.kr/crf005.do?id=crf00503s01&gSite=Q&jmCd=2104&jmInfoDivCcd=A0
1125,정밀화학기사,T,fetched,False,True,False,,https://www.q-net.or.kr/crf005.do?id=crf00503s01&gSite=Q&jmCd=1125&jmInfoDivCcd=A0
1320,정보처리기사,T,fetched,True,False,True,,https://www.q-net.or.kr/crf005.do?id=crf00503s01&gSite=Q&jmCd=1320&jmInfoDivCcd=A0
2290,정보처리산업기사,T,fetched,True,True,True,,https://www.q-net.or.kr/crf005.do?id=crf00503s01&gSite=Q&jmCd=2290&jmInfoDivCcd=A0
4223,제과산업기사,T,fetched,True,True,True,,https://www.q-net.or.kr/crf005.do?id=crf00503s01&gSite=Q&jmCd=4223&jmInfoDivCcd=A0
4224,제빵산업기사,T,fetched,True,True,True,,https://www.q-net.or.kr/crf005.do?id=crf00503s01&gSite=Q&jmCd=4224&jmInfoDivCcd=A0
1810,제판기사,T,fetched,True,True,True,,https://www.q-net.or.kr/crf005.do?id=crf00503s01&gSite=Q&jmCd=1810&jmInfoDivCcd=A0
1512,제품디자인기사,T,fetched,True,False,True,,https://www.q-net.or.kr/crf005.do?id=crf00503s01&gSite=Q&jmCd=1512&jmInfoDivCcd=A0
2432,제품디자인산업기사,T,fetched,True,True,True,,https://www.q-net.or.kr/crf005.do?id=crf00503s01&gSite=Q&jmCd=2432&jmInfoDivCcd=A0
1370,조경기사,T,fetched,True,True,True,,https://www.q-net.or.kr/crf005.do?id=crf00503s01&gSite=Q&jmCd=1370&jmInfoDivCcd=A0
2320,조경산업기사,T,fetched,True,True,True,,https://www.q-net.or.kr/crf005.do?id=crf00503s01&gSite=Q&jmCd=2320&jmInfoDivCcd=A0
2220,조선산업기사,T,fetched,True,True,True,,https://www.q-net.or.kr/crf005.do?id=crf00503s01&gSite=Q&jmCd=2220&jmInfoDivCcd=A0
1221,조선선체기사,T,fetched,True,True,True,,https://www.q-net.or.kr/crf005.do?id=crf00503s01&gSite=Q&jmCd=1221&jmInfoDivCcd=A0
1222,조선의장기사,T,fetched,True,True,True,,https://www.q-net.or.kr/crf005.do?id=crf00503s01&gSite=Q&jmCd=1222&jmInfoDivCcd=A0
1560,종자기사,T,fetched,True,True,True,,https://www.q-net.or.kr/crf005.do?id=crf00503s01&gSite=Q&jmCd=1560&jmInfoDivCcd=A0
2470,종자산업기사,T,fetched,True,True,True,,https://www.q-net.or.kr/crf005.do?id=crf00503s01&gSite=Q&jmCd=2470&jmInfoDivCcd=A0
2105,주조산업기사,T,fetched,True,True,True,,https://www.q-net.or.kr/crf005.do?id=crf00503s01&gSite=Q&jmCd=2105&jmInfoDivCcd=A0
2974,중식조리산업기사,T,fetched,True,True,True,,https://www.q-net.or.kr/crf005.do?id=crf00503s01&gSite=Q&jmCd=2974&jmInfoDivCcd=A0
1390,지적기사,T,fetched,True,True,True,,https://www.q-net.or.kr/crf005.do?id=crf00503s01&gSite=Q&jmCd=1390&jmInfoDivCcd=A0
2340,지적산업기사,T,fetched,True,True,True,,https://www.q-net.or.kr/crf005.do?id=crf00503s01&gSite=Q&jmCd=2340&jmInfoDivCcd=A0
9510,직업상담사1급,T,fetched,True,True,True,,https://www.q-net.or.kr/crf005.do?id=crf00503s01&gSite=Q&jmCd=9510&jmInfoDivCcd=A0
9511,직업상담사2급,T,fetched,True,True,True,,https://www.q-net.or.kr/crf005.do?id=crf00503s01&gSite=Q&jmCd=9511&jmInfoDivCcd=A0
2042,철도동력차기관정비산업기사,T,fetched,True,True,True,,https://www.q-net.or.kr/crf005.do?id=crf00503s01&gSite=Q&jmCd=2042&jmInfoDivCcd=A0
2043,철도동력차전기정비산업기사,T,fetched,True,True,True,,https://www.q-net.or.kr/crf005.do?id=crf00503s01&gSite=Q&jmCd=2043&jmInfoDivCcd=A0
1740,철도신호기사,T,fetched,True,True,True,,https://www.q-net.or.kr/crf005.do?id=crf00503s01&gSite=Q&jmCd=1740&jmInfoDivCcd=A0
2160,철도신호산업기사,T,fetched,True,True,True,,https://www.q-net.or.kr/crf005.do?id=crf00503s01&gSite=Q&jmCd=2160&jmInfoDivCcd=A0
2045,철도운송산업기사,T,fetched,True,True,True,,https://www.q-net.or.kr/crf005.do?id=crf00503s01&gSite=Q&jmCd=2045&jmInfoDivCcd=A0
1030,철도차량기사,T,fetched,True,True,True,,https://www.q-net.or.kr/crf005.do?id=crf00503s01&gSite=Q&jmCd=1030&jmInfoDivCcd=A0
2030,철도차량산업기사,T,fetched,True,True,True,,https://www.q-net.or.kr/crf005.do?id=crf00503s01&gSite=Q&jmCd=2030&jmInfoDivCcd=A0
1760,철도토목기사,T,fetched,True,True,True,,https://www.q-net.or.kr/crf005.do?id=crf00503s01&gSite=Q&jmCd=1760&jmInfoDivCcd=A0
1612,초음파비파괴검사기사,T,fetched,True,True,True,,https://www.q-net.or.kr/crf005.do?id=crf00503s01&gSite=Q&jmCd=1612&jmInfoDivCcd=A0
2612,초음파비파괴검사산업기사,T,fetched,True,True,True,,https://www.q-net.or.kr/crf005.do?id=crf00503s01&gSite=Q&jmCd=2612&jmInfoDivCcd=A0
1581,축산기사,T,fetched,True,True,True,,https://www.q-net.or.kr/crf005.do?id=crf00503s01&gSite=Q&jmCd=1581&jmInfoDivCcd=A0
2491,축산산업기사,T,fetched,True,True,True,,https://www.q-net.or.kr/crf005.do?id=crf00503s01&gSite=Q&jmCd=2491&jmInfoDivCcd=A0
1380,측량및지형공간정보기사,T,fetched,True,True,True,,https://www.q-net.or.kr/crf005.do?id=crf00503s01&gSite=Q&jmCd=1380&jmInfoDivCcd=A0
2330,측량및지형공간정보산업기사,T,fetched,True,True,True,,https://www.q-net.or.kr/crf005.do?id=crf00503s01&gSite=Q&jmCd=2330&jmInfoDivCcd=A0
1614,침투비파괴검사기사,T,fetched,True,True,True,,https://www.q-net.or.kr/crf005.do?id=crf00503s01&gSite=Q&jmCd=1614&jmInfoDivCcd=A0
2614,침투비파괴검사산업기사,T,fetched,True,True,True,,https://www.q-net.or.kr/crf005.do?id=crf00503s01&gSite=Q&jmCd=2614&jmInfoDivCcd=A0
9535,컨벤션기획사1급,T,fetched,True,True,True,,https://www.q-net.or.kr/crf005.do?id=crf00503s01&gSite=Q&jmCd=9535&jmInfoDivCcd=A0
9536,컨벤션기획사2급,T,fetched,True,True,True,,https://www.q-net.or.kr/crf005.do?id=crf00503s01&gSite=Q&jmCd=9536&jmInfoDivCcd=A0
1982,컬러리스트기사,T,fetched,False,True,False,,https://www.q-net.or.kr/crf005.do?id=crf00503s01&gSite=Q&jmCd=1982&jmInfoDivCcd=A0
2982,컬러리스트산업기사,T,fetched,False,True,False,,https://www.q-net.or.kr/crf005.do?id=crf00503s01&gSite=Q&jmCd=2982&jmInfoDivCcd=A0
1998,컴퓨터시스템기사,T,fetched,True,True,False,,https://www.q-net.or.kr/crf005.do?id=crf00503s01&gSite=Q&jmCd=1998&jmInfoDivCcd=A0
2025,컴퓨터응용가공산업기사,T,fetched,True,True,True,,https://www.q-net.or.kr/crf005.do?id=crf00503s01&gSite=Q&jmCd=2025&jmInfoDivCcd=A0
1048,콘크리트기사,T,fetched,True,True,True,,https://www.q-net.or.kr/crf005.do?id=crf00503s01&gSite=Q&jmCd=1048&jmInfoDivCcd=A0
2048,콘크리트산업기사,T,fetched,True,True,True,,https://www.q-net.or.kr/crf005.do?id=crf00503s01&gSite=Q&jmCd=2048&jmInfoDivCcd=A0
9541,텔레마케팅관리사,T,fetched,True,True,True,,https://www.q-net.or.kr/crf005.do?id=crf00503s01&gSite=Q&jmCd=9541&jmInfoDivCcd=A0
1250,토목기사,T,fetched,True,True,True,,https://www.q-net.or.kr/crf005.do?id=crf00503s01&gSite=Q&jmCd=1250&jmInfoDivCcd=A0
2240,토목산업기사,T,fetched,True,True,True,,https://www.q-net.or.kr/crf005.do?id=crf00503s01&gSite=Q&jmCd=2240&jmInfoDivCcd=A0
1948,토양환경기사,T,fetched,True,True,True,,https://www.q-net.or.kr/crf005.do?id=crf00503s01&gSite=Q&jmCd=1948&jmInfoDivCcd=A0
2012,판금제관산업기사,T,fetched,True,True,True,,https://www.q-net.or.kr/crf005.do?id=crf00503s01&gSite=Q&jmCd=2012&jmInfoDivCcd=A0
2301,패션디자인산업기사,T,fetched,True,True,True,,https://www.q-net.or.kr/crf005.do?id=crf00503s01&gSite=Q&jmCd=2301&jmInfoDivCcd=A0
2085,패션머천다이징산업기사,T,fetched,True,True,True,,https://www.q-net.or.kr/crf005.do?id=crf00503s01&gSite=Q&jmCd=2085&jmInfoDivCcd=A0
1950,폐기물처리기사,T,fetched,True,True,True,,https://www.q-net.or.kr/crf005.do?id=crf00503s01&gSite=Q&jmCd=1950&jmInfoDivCcd=A0
2950,폐기물처리산업기사,T,fetched,True,True,True,,https://www.q-net.or.kr/crf005.do?id=crf00503s01&gSite=Q&jmCd=2950&jmInfoDivCcd=A0
1511,포장기사,T,fetched,True,True,True,,https://www.q-net.or.kr/crf005.do?id=crf00503s01&gSite=Q&jmCd=1511&jmInfoDivCcd=A0
2431,포장산업기사,T,fetched,True,True,True,,https://www.q-net.or.kr/crf005.do?id=crf00503s01&gSite=Q&jmCd=2431&jmInfoDivCcd=A0
2106,표면처리산업기사,T,fetched,True,True,True,,https://www.q-net.or.kr/crf005.do?id=crf00503s01&gSite=Q&jmCd=2106&jmInfoDivCcd=A0
1500,품질경영기사,T,fetched,True,True,True,,https://www.q-net.or.kr/crf005.do?id=crf00503s01&gSite=Q&jmCd=1500&jmInfoDivCcd=A0
2420,품질경영산업기사,T,fetched,True,True,True,,https://www.q-net.or.kr/crf005.do?id=crf00503s01&gSite=Q&jmCd=2420&jmInfoDivCcd=A0
1025,프레스금형기사,T,fetched,True,True,True,,https://www.q-net.or.kr/crf005.do?id=crf00503s01&gSite=Q&jmCd=1025&jmInfoDivCcd=A0
2029,프레스금형산업기사,T,fetched,True,True,True,,https://www.q-net.or.kr/crf005.do?id=crf00503s01&gSite=Q&jmCd=2029&jmInfoDivCcd=A0
2551,피아노조율산업기사,T,fetched,True,True,True,,https://www.q-net.or.kr/crf005.do?id=crf00503s01&gSite=Q&jmCd=2551&jmInfoDivCcd=A0
2268,한복산업기사,T,fetched,True,True,True,,https://www.q-net.or.kr/crf005.do?id=crf00503s01&gSite=Q&jmCd=2268&jmInfoDivCcd=A0
2971,한식조리산업기사,T,fetched,True,True,True,,https://www.q-net.or.kr/crf005.do?id=crf00503s01&gSite=Q&jmCd=2971&jmInfoDivCcd=A0
1240,항공기사,T,fetched,True,True,True,,https://www.q-net.or.kr/crf005.do?id=crf00503s01&gSite=Q&jmCd=1240&jmInfoDivCcd=A0
2230,항공산업기사,T,fetched,True,True,True,,https://www.q-net.or.kr/crf005.do?id=crf00503s01&gSite=Q&jmCd=2230&jmInfoDivCcd=A0
1351,항로표지기사,T,fetched,True,True,True,,https://www.q-net.or.kr/crf005.do?id=crf00503s01&gSite=Q&jmCd=1351&jmInfoDivCcd=A0
2351,항로표지산업기사,T,fetched,True,True,True,,https://www.q-net.or.kr/crf005.do?id=crf00503s01&gSite=Q&jmCd=2351&jmInfoDivCcd=A0
1403,해양공학기사,T,fetched,True,True,True,,https://www.q-net.or.kr/crf005.do?id=crf00503s01&gSite=Q&jmCd=1403&jmInfoDivCcd=A0
1402,해양자원개발기사,T,fetched,True,True,True,,https://www.q-net.or.kr/crf005.do?id=crf00503s01&gSite=Q&jmCd=1402&jmInfoDivCcd=A0
2350,해양조사산업기사,T,fetched,True,True,True,,https://www.q-net.or.kr/crf005.do?id=crf00503s01&gSite=Q&jmCd=2350&jmInfoDivCcd=A0
1401,해양환경기사,T,fetched,True,True,True,,https://www.q-net.or.kr/crf005.do?id=crf00503s01&gSite=Q&jmCd=1401&jmInfoDivCcd=A0
1110,화공기사,T,fetched,True,True,True,,https://www.q-net.or.kr/crf005.do?id=crf00503s01&gSite=Q&jmCd=1110&jmInfoDivCcd=A0
1140,화약류관리기사,T,fetched,True,True,True,,https://www.q-net.or.kr/crf005.do?id=crf00503s01&gSite=Q&jmCd=1140&jmInfoDivCcd=A0
2130,화약류관리산업기사,T,fetched,True,True,True,,https://www.q-net.or.kr/crf005.do?id=crf00503s01&gSite=Q&jmCd=2130&jmInfoDivCcd=A0
1130,화약류제조기사,T,fetched,True,True,True,,https://www.q-net.or.kr/crf005.do?id=crf00503s01&gSite=Q&jmCd=1130&jmInfoDivCcd=A0
2120,화약류제조산업기사,T,fetched,True,True,True,,https://www.q-net.or.kr/crf005.do?id=crf00503s01&gSite=Q&jmCd=2120&jmInfoDivCcd=A0
1441,화재감식평가기사,T,fetched,True,True,True,,https://www.q-net.or.kr/crf005.do?id=crf00503s01&gSite=Q&jmCd=1441&jmInfoDivCcd=A0
2441,화재감식평가산업기사,T,fetched,True,True,True,,https://www.q-net.or.kr/crf005.do?id=crf00503s01&gSite=Q&jmCd=2441&jmInfoDivCcd=A0
1563,화학분석기사,T,fetched,True,True,True,,https://www.q-net.or.kr/crf005.do?id=crf00503s01&gSite=Q&jmCd=1563&jmInfoDivCcd=A0
1576,화훼장식기사,T,fetched,True,True,True,,https://www.q-net.or.kr/crf005.do?id=crf00503s01&gSite=Q&jmCd=1576&jmInfoDivCcd=A0
2625,화훼장식산업기사,T,fetched,True,True,True,,https://www.q-net.or.kr/crf005.do?id=crf00503s01&gSite=Q&jmCd=2625&jmInfoDivCcd=A0
1029,환경위해관리기사,T,fetched,True,True,True,,https://www.q-net.or.kr/crf005.do?id=crf00503s01&gSite=Q&jmCd=1029&jmInfoDivCcd=A0
7785,3D프린터운용기능사,T,fetched,True,True,True,,https://www.q-net.or.kr/crf005.do?id=crf00503s01&gSite=Q&jmCd=7785&jmInfoDivCcd=A0
7140,가구제작기능사,T,fetched,True,True,True,,https://www.q-net.or.kr/crf005.do?id=crf00503s01&gSite=Q&jmCd=7140&jmInfoDivCcd=A0
6335,가스기능사,T,fetched,False,True,True,,https://www.q-net.or.kr/crf005.do?id=crf00503s01&gSite=Q&jmCd=6335&jmInfoDivCcd=A0
6224,가스텅스텐아크용접기능사,T,fetched,True,True,True,,https://www.q-net.or.kr/crf005.do?id=crf00503s01&gSite=Q&jmCd=6224&jmInfoDivCcd=A0
7170,거푸집기능사,T,fetched,True,True,True,,https://www.q-net.or.kr/crf005.do?id=crf00503s01&gSite=Q&jmCd=7170&jmInfoDivCcd=A0
6298,건설기계정비기능사,T,fetched,True,True,True,,https://www.q-net.or.kr/crf005.do?id=crf00503s01&gSite=Q&jmCd=6298&jmInfoDivCcd=A0
7132,건설재료시험기능사,T,fetched,True,True,True,,https://www.q-net.or.kr/crf005.do?id=crf00503s01&gSite=Q&jmCd=7132&jmInfoDivCcd=A0
7150,건축도장기능사,T,fetched,True,True,True,,https://www.q-net.or.kr/crf005.do?id=crf00503s01&gSite=Q&jmCd=7150&jmInfoDivCcd=A0
7130,건축목공기능사,T,fetched,True,True,True,,https://www.q-net.or.kr/crf005.do?id=crf00503s01&gSite=Q&jmCd=7130&jmInfoDivCcd=A0
6981,공간정보융합기능사,T,fetched,True,True,True,,https://www.q-net.or.kr/crf005.do?id=crf00503s01&gSite=Q&jmCd=6981&jmInfoDivCcd=A0
8070,공구제작기능사보,T,empty,False,False,False,career_sections_missing,https://www.q-net.or.kr/crf005.do?id=crf00503s01&gSite=Q&jmCd=8070&jmInfoDivCcd=A0
6320,공조냉동기계기능사,T,fetched,True,True,True,,https://www.q-net.or.kr/crf005.do?id=crf00503s01&gSite=Q&jmCd=6320&jmInfoDivCcd=A0
7385,광산보안기능사(화약분야),T,fetched,True,True,True,,https://www.q-net.or.kr/crf005.do?id=crf00503s01&gSite=Q&jmCd=7385&jmInfoDivCcd=A0
7371,광산차량기계운전기능사,T,fetched,True,True,True,,https://www.q-net.or.kr/crf005.do?id=crf00503s01&gSite=Q&jmCd=7371&jmInfoDivCcd=A0
7372,광산환경기능사,T,fetched,True,True,True,,https://www.q-net.or.kr/crf005.do?id=crf00503s01&gSite=Q&jmCd=7372&jmInfoDivCcd=A0
7862,굴착기운전기능사,T,fetched,True,True,True,,https://www.q-net.or.kr/crf005.do?id=crf00503s01&gSite=Q&jmCd=7862&jmInfoDivCcd=A0
6051,궤도장비정비기능사,T,fetched,True,True,True,,https://www.q-net.or.kr/crf005.do?id=crf00503s01&gSite=Q&jmCd=6051&jmInfoDivCcd=A0
7460,귀금속가공기능사,T,fetched,True,True,True,,https://www.q-net.or.kr/crf005.do?id=crf00503s01&gSite=Q&jmCd=7460&jmInfoDivCcd=A0
7450,금속도장기능사,T,fetched,True,True,True,,https://www.q-net.or.kr/crf005.do?id=crf00503s01&gSite=Q&jmCd=7450&jmInfoDivCcd=A0
6490,금속재료시험기능사,T,fetched,True,True,True,,https://www.q-net.or.kr/crf005.do?id=crf00503s01&gSite=Q&jmCd=6490&jmInfoDivCcd=A0
7102,금속재창호기능사,T,fetched,True,True,True,,https://www.q-net.or.kr/crf005.do?id=crf00503s01&gSite=Q&jmCd=7102&jmInfoDivCcd=A0
6105,금형기능사,T,fetched,True,True,True,,https://www.q-net.or.kr/crf005.do?id=crf00503s01&gSite=Q&jmCd=6105&jmInfoDivCcd=A0
6042,기계가공조립기능사,T,fetched,True,True,True,,https://www.q-net.or.kr/crf005.do?id=crf00503s01&gSite=Q&jmCd=6042&jmInfoDivCcd=A0
7861,기중기운전기능사,T,fetched,True,True,True,,https://www.q-net.or.kr/crf005.do?id=crf00503s01&gSite=Q&jmCd=7861&jmInfoDivCcd=A0
7931,남성복기능사,T,fetched,True,True,True,,https://www.q-net.or.kr/crf005.do?id=crf00503s01&gSite=Q&jmCd=7931&jmInfoDivCcd=A0
6301,농기계운전기능사,T,fetched,True,True,True,,https://www.q-net.or.kr/crf005.do?id=crf00503s01&gSite=Q&jmCd=6301&jmInfoDivCcd=A0
6300,농업기계정비기능사,T,fetched,True,True,True,,https://www.q-net.or.kr/crf005.do?id=crf00503s01&gSite=Q&jmCd=6300&jmInfoDivCcd=A0
7180,도배기능사,T,fetched,True,True,True,,https://www.q-net.or.kr/crf005.do?id=crf00503s01&gSite=Q&jmCd=7180&jmInfoDivCcd=A0
7890,도자공예기능사,T,empty,False,False,False,career_sections_missing,https://www.q-net.or.kr/crf005.do?id=crf00503s01&gSite=Q&jmCd=7890&jmInfoDivCcd=A0
7660,도화기능사,T,fetched,True,True,True,,https://www.q-net.or.kr/crf005.do?id=crf00503s01&gSite=Q&jmCd=7660&jmInfoDivCcd=A0
7992,떡제조기능사,T,fetched,True,True,True,,https://www.q-net.or.kr/crf005.do?id=crf00503s01&gSite=Q&jmCd=7992&jmInfoDivCcd=A0
7866,로더운전기능사,T,fetched,True,True,True,,https://www.q-net.or.kr/crf005.do?id=crf00503s01&gSite=Q&jmCd=7866&jmInfoDivCcd=A0
7871,롤러운전기능사,T,fetched,True,True,True,,https://www.q-net.or.kr/crf005.do?id=crf00503s01&gSite=Q&jmCd=7871&jmInfoDivCcd=A0
6903,메카트로닉스기능사,T,fetched,False,True,True,,https://www.q-net.or.kr/crf005.do?id=crf00503s01&gSite=Q&jmCd=6903&jmInfoDivCcd=A0
7872,모터그레이더운전기능사,T,fetched,True,True,True,,https://www.q-net.or.kr/crf005.do?id=crf00503s01&gSite=Q&jmCd=7872&jmInfoDivCcd=A0
7480,목공예기능사,T,fetched,True,True,True,,https://www.q-net.or.kr/crf005.do?id=crf00503s01&gSite=Q&jmCd=7480&jmInfoDivCcd=A0
7645,목재가공기능사,T,fetched,True,True,True,,https://www.q-net.or.kr/crf005.do?id=crf00503s01&gSite=Q&jmCd=7645&jmInfoDivCcd=A0
7101,목재창호기능사,T,fetched,True,True,True,,https://www.q-net.or.kr/crf005.do?id=crf00503s01&gSite=Q&jmCd=7101&jmInfoDivCcd=A0
7643,목질재료기능사,T,fetched,True,True,True,,https://www.q-net.or.kr/crf005.do?id=crf00503s01&gSite=Q&jmCd=7643&jmInfoDivCcd=A0
7957,미용사(네일),T,fetched,True,True,True,,https://www.q-net.or.kr/crf005.do?id=crf00503s01&gSite=Q&jmCd=7957&jmInfoDivCcd=A0
7967,미용사(메이크업),T,fetched,True,True,True,,https://www.q-net.or.kr/crf005.do?id=crf00503s01&gSite=Q&jmCd=7967&jmInfoDivCcd=A0
7937,미용사(일반),T,fetched,True,True,True,,https://www.q-net.or.kr/crf005.do?id=crf00503s01&gSite=Q&jmCd=7937&jmInfoDivCcd=A0
7947,미용사(피부),T,fetched,True,True,True,,https://www.q-net.or.kr/crf005.do?id=crf00503s01&gSite=Q&jmCd=7947&jmInfoDivCcd=A0
7110,미장기능사,T,fetched,True,True,True,,https://www.q-net.or.kr/crf005.do?id=crf00503s01&gSite=Q&jmCd=7110&jmInfoDivCcd=A0
9775,바이오공정기능사,T,empty,False,False,False,career_sections_missing,https://www.q-net.or.kr/crf005.do?id=crf00503s01&gSite=Q&jmCd=9775&jmInfoDivCcd=A0
6033,반도체설비보전기능사,T,fetched,True,True,True,,https://www.q-net.or.kr/crf005.do?id=crf00503s01&gSite=Q&jmCd=6033&jmInfoDivCcd=A0
7471,방사선비파괴검사기능사,T,fetched,True,True,True,,https://www.q-net.or.kr/crf005.do?id=crf00503s01&gSite=Q&jmCd=7471&jmInfoDivCcd=A0
7030,방수기능사,T,fetched,True,False,True,,https://www.q-net.or.kr/crf005.do?id=crf00503s01&gSite=Q&jmCd=7030&jmInfoDivCcd=A0
6213,배관기능사,T,fetched,True,True,True,,https://www.q-net.or.kr/crf005.do?id=crf00503s01&gSite=Q&jmCd=6213&jmInfoDivCcd=A0
7631,버섯종균기능사,T,fetched,True,True,True,,https://www.q-net.or.kr/crf005.do?id=crf00503s01&gSite=Q&jmCd=7631&jmInfoDivCcd=A0
7889,보석가공기능사,T,fetched,True,True,True,,https://www.q-net.or.kr/crf005.do?id=crf00503s01&gSite=Q&jmCd=7889&jmInfoDivCcd=A0
7980,보석감정사,T,fetched,True,True,True,,https://www.q-net.or.kr/crf005.do?id=crf00503s01&gSite=Q&jmCd=7980&jmInfoDivCcd=A0
7914,복어조리기능사,T,fetched,True,True,True,,https://www.q-net.or.kr/crf005.do?id=crf00503s01&gSite=Q&jmCd=7914&jmInfoDivCcd=A0
9776,봉제기능사,T,fetched,True,True,True,,https://www.q-net.or.kr/crf005.do?id=crf00503s01&gSite=Q&jmCd=9776&jmInfoDivCcd=A0
7863,불도저운전기능사,T,fetched,True,True,True,,https://www.q-net.or.kr/crf005.do?id=crf00503s01&gSite=Q&jmCd=7863&jmInfoDivCcd=A0
7120,비계기능사,T,fetched,True,True,True,,https://www.q-net.or.kr/crf005.do?id=crf00503s01&gSite=Q&jmCd=7120&jmInfoDivCcd=A0
7795,사진기능사,T,fetched,True,True,True,,https://www.q-net.or.kr/crf005.do?id=crf00503s01&gSite=Q&jmCd=7795&jmInfoDivCcd=A0
8090,사출금형기능사보,T,empty,False,False,False,career_sections_missing,https://www.q-net.or.kr/crf005.do?id=crf00503s01&gSite=Q&jmCd=8090&jmInfoDivCcd=A0
7632,산림기능사,T,fetched,True,True,True,,https://www.q-net.or.kr/crf005.do?id=crf00503s01&gSite=Q&jmCd=7632&jmInfoDivCcd=A0
6990,석공기능사,T,fetched,True,True,True,,https://www.q-net.or.kr/crf005.do?id=crf00503s01&gSite=Q&jmCd=6990&jmInfoDivCcd=A0
6792,석공예기능사,T,fetched,True,True,True,,https://www.q-net.or.kr/crf005.do?id=crf00503s01&gSite=Q&jmCd=6792&jmInfoDivCcd=A0
6960,선박기관정비기능사,T,fetched,True,True,True,,https://www.q-net.or.kr/crf005.do?id=crf00503s01&gSite=Q&jmCd=6960&jmInfoDivCcd=A0
6920,선체건조기능사,T,fetched,True,True,True,,https://www.q-net.or.kr/crf005.do?id=crf00503s01&gSite=Q&jmCd=6920&jmInfoDivCcd=A0
6910,선체설계기능사,T,fetched,True,True,True,,https://www.q-net.or.kr/crf005.do?id=crf00503s01&gSite=Q&jmCd=6910&jmInfoDivCcd=A0
6837,설비보전기능사,T,fetched,True,True,True,,https://www.q-net.or.kr/crf005.do?id=crf00503s01&gSite=Q&jmCd=6837&jmInfoDivCcd=A0
7960,세탁기능사,T,fetched,True,True,True,,https://www.q-net.or.kr/crf005.do?id=crf00503s01&gSite=Q&jmCd=7960&jmInfoDivCcd=A0
7700,수산양식기능사,T,needs_content_review,True,True,True,unexpected_section_text:합격률,https://www.q-net.or.kr/crf005.do?id=crf00503s01&gSite=Q&jmCd=7700&jmInfoDivCcd=A0
9771,스마트공장기능사,T,empty,False,False,False,career_sections_missing,https://www.q-net.or.kr/crf005.do?id=crf00503s01&gSite=Q&jmCd=9771&jmInfoDivCcd=A0
7940,승강기기능사,T,fetched,True,True,True,,https://www.q-net.or.kr/crf005.do?id=crf00503s01&gSite=Q&jmCd=7940&jmInfoDivCcd=A0
7482,식육처리기능사,T,fetched,True,True,True,,https://www.q-net.or.kr/crf005.do?id=crf00503s01&gSite=Q&jmCd=7482&jmInfoDivCcd=A0
7591,식품가공기능사,T,fetched,True,True,True,,https://www.q-net.or.kr/crf005.do?id=crf00503s01&gSite=Q&jmCd=7591&jmInfoDivCcd=A0
7904,신발제조기능사,T,fetched,True,True,True,,https://www.q-net.or.kr/crf005.do?id=crf00503s01&gSite=Q&jmCd=7904&jmInfoDivCcd=A0
7114,신재생에너지발전설비기능사(태양광),T,fetched,True,True,True,,https://www.q-net.or.kr/crf005.do?id=crf00503s01&gSite=Q&jmCd=7114&jmInfoDivCcd=A0
7152,실내건축기능사,T,fetched,True,True,True,,https://www.q-net.or.kr/crf005.do?id=crf00503s01&gSite=Q&jmCd=7152&jmInfoDivCcd=A0
7873,아스팔트피니셔운전기능사,T,fetched,False,False,True,,https://www.q-net.or.kr/crf005.do?id=crf00503s01&gSite=Q&jmCd=7873&jmInfoDivCcd=A0
6543,압연기능사,T,fetched,True,True,True,,https://www.q-net.or.kr/crf005.do?id=crf00503s01&gSite=Q&jmCd=6543&jmInfoDivCcd=A0
7911,양식조리기능사,T,fetched,True,True,True,,https://www.q-net.or.kr/crf005.do?id=crf00503s01&gSite=Q&jmCd=7911&jmInfoDivCcd=A0
7930,양화장치운전기능사,T,fetched,True,True,True,,https://www.q-net.or.kr/crf005.do?id=crf00503s01&gSite=Q&jmCd=7930&jmInfoDivCcd=A0
7761,에너지관리기능사,T,fetched,True,True,True,,https://www.q-net.or.kr/crf005.do?id=crf00503s01&gSite=Q&jmCd=7761&jmInfoDivCcd=A0
7932,여성복기능사,T,fetched,True,True,True,,https://www.q-net.or.kr/crf005.do?id=crf00503s01&gSite=Q&jmCd=7932&jmInfoDivCcd=A0
6420,열처리기능사,T,fetched,True,True,True,,https://www.q-net.or.kr/crf005.do?id=crf00503s01&gSite=Q&jmCd=6420&jmInfoDivCcd=A0
7302,염색기능사(날염),T,fetched,True,True,True,,https://www.q-net.or.kr/crf005.do?id=crf00503s01&gSite=Q&jmCd=7302&jmInfoDivCcd=A0
7301,염색기능사(침염),T,fetched,True,True,True,,https://www.q-net.or.kr/crf005.do?id=crf00503s01&gSite=Q&jmCd=7301&jmInfoDivCcd=A0
7161,온수온돌기능사,T,fetched,True,True,True,,https://www.q-net.or.kr/crf005.do?id=crf00503s01&gSite=Q&jmCd=7161&jmInfoDivCcd=A0
7901,원예기능사,T,fetched,True,True,True,,https://www.q-net.or.kr/crf005.do?id=crf00503s01&gSite=Q&jmCd=7901&jmInfoDivCcd=A0
7798,웹디자인개발기능사,T,fetched,False,True,False,,https://www.q-net.or.kr/crf005.do?id=crf00503s01&gSite=Q&jmCd=7798&jmInfoDivCcd=A0
6697,위험물기능사,T,fetched,True,True,True,,https://www.q-net.or.kr/crf005.do?id=crf00503s01&gSite=Q&jmCd=6697&jmInfoDivCcd=A0
6592,유기농업기능사,T,fetched,True,True,True,,https://www.q-net.or.kr/crf005.do?id=crf00503s01&gSite=Q&jmCd=6592&jmInfoDivCcd=A0
7151,유리시공기능사,T,fetched,True,True,True,,https://www.q-net.or.kr/crf005.do?id=crf00503s01&gSite=Q&jmCd=7151&jmInfoDivCcd=A0
6176,의료전자기능사,T,fetched,True,True,True,,https://www.q-net.or.kr/crf005.do?id=crf00503s01&gSite=Q&jmCd=6176&jmInfoDivCcd=A0
9774,이륜자동차정비기능사,T,fetched,True,True,True,,https://www.q-net.or.kr/crf005.do?id=crf00503s01&gSite=Q&jmCd=9774&jmInfoDivCcd=A0
6225,이산화탄소가스아크용접기능사,T,fetched,True,True,True,,https://www.q-net.or.kr/crf005.do?id=crf00503s01&gSite=Q&jmCd=6225&jmInfoDivCcd=A0
7908,이용사,T,fetched,True,True,True,,https://www.q-net.or.kr/crf005.do?id=crf00503s01&gSite=Q&jmCd=7908&jmInfoDivCcd=A0
7524,인쇄기능사,T,fetched,True,True,True,,https://www.q-net.or.kr/crf005.do?id=crf00503s01&gSite=Q&jmCd=7524&jmInfoDivCcd=A0
7912,일식조리기능사,T,fetched,True,True,True,,https://www.q-net.or.kr/crf005.do?id=crf00503s01&gSite=Q&jmCd=7912&jmInfoDivCcd=A0
6801,임베디드기능사,T,fetched,True,True,True,,https://www.q-net.or.kr/crf005.do?id=crf00503s01&gSite=Q&jmCd=6801&jmInfoDivCcd=A0
7630,임업종묘기능사,T,fetched,True,True,True,,https://www.q-net.or.kr/crf005.do?id=crf00503s01&gSite=Q&jmCd=7630&jmInfoDivCcd=A0
7473,자기비파괴검사기능사,T,fetched,True,True,True,,https://www.q-net.or.kr/crf005.do?id=crf00503s01&gSite=Q&jmCd=7473&jmInfoDivCcd=A0
6836,자동차보수도장기능사,T,fetched,True,True,True,,https://www.q-net.or.kr/crf005.do?id=crf00503s01&gSite=Q&jmCd=6836&jmInfoDivCcd=A0
6281,자동차정비기능사,T,fetched,True,True,True,,https://www.q-net.or.kr/crf005.do?id=crf00503s01&gSite=Q&jmCd=6281&jmInfoDivCcd=A0
6285,자동차차체수리기능사,T,fetched,True,True,True,,https://www.q-net.or.kr/crf005.do?id=crf00503s01&gSite=Q&jmCd=6285&jmInfoDivCcd=A0
6415,자동화설비기능사,T,fetched,True,True,True,,https://www.q-net.or.kr/crf005.do?id=crf00503s01&gSite=Q&jmCd=6415&jmInfoDivCcd=A0
7612,잠수기능사,T,fetched,True,True,True,,https://www.q-net.or.kr/crf005.do?id=crf00503s01&gSite=Q&jmCd=7612&jmInfoDivCcd=A0
7780,전기기능사,T,fetched,True,True,True,,https://www.q-net.or.kr/crf005.do?id=crf00503s01&gSite=Q&jmCd=7780&jmInfoDivCcd=A0
7061,전산응용건축제도기능사,T,fetched,True,True,True,,https://www.q-net.or.kr/crf005.do?id=crf00503s01&gSite=Q&jmCd=7061&jmInfoDivCcd=A0
6151,전산응용기계제도기능사,T,fetched,True,True,True,,https://www.q-net.or.kr/crf005.do?id=crf00503s01&gSite=Q&jmCd=6151&jmInfoDivCcd=A0
7072,전산응용토목제도기능사,T,fetched,True,True,True,,https://www.q-net.or.kr/crf005.do?id=crf00503s01&gSite=Q&jmCd=7072&jmInfoDivCcd=A0
6790,전자기능사,T,fetched,True,True,True,,https://www.q-net.or.kr/crf005.do?id=crf00503s01&gSite=Q&jmCd=6790&jmInfoDivCcd=A0
6791,전자출판기능사,T,fetched,True,True,True,,https://www.q-net.or.kr/crf005.do?id=crf00503s01&gSite=Q&jmCd=6791&jmInfoDivCcd=A0
6785,전자캐드기능사,T,fetched,True,True,True,,https://www.q-net.or.kr/crf005.do?id=crf00503s01&gSite=Q&jmCd=6785&jmInfoDivCcd=A0
6120,정밀측정기능사,T,fetched,True,True,True,,https://www.q-net.or.kr/crf005.do?id=crf00503s01&gSite=Q&jmCd=6120&jmInfoDivCcd=A0
6892,정보기기운용기능사,T,fetched,True,True,False,,https://www.q-net.or.kr/crf005.do?id=crf00503s01&gSite=Q&jmCd=6892&jmInfoDivCcd=A0
6515,제강기능사,T,fetched,True,True,True,,https://www.q-net.or.kr/crf005.do?id=crf00503s01&gSite=Q&jmCd=6515&jmInfoDivCcd=A0
7892,제과기능사,T,fetched,True,True,True,,https://www.q-net.or.kr/crf005.do?id=crf00503s01&gSite=Q&jmCd=7892&jmInfoDivCcd=A0
7893,제빵기능사,T,fetched,True,True,True,,https://www.q-net.or.kr/crf005.do?id=crf00503s01&gSite=Q&jmCd=7893&jmInfoDivCcd=A0
6500,제선기능사,T,fetched,True,True,True,,https://www.q-net.or.kr/crf005.do?id=crf00503s01&gSite=Q&jmCd=6500&jmInfoDivCcd=A0
6793,제품응용모델링기능사,T,fetched,True,True,True,,https://www.q-net.or.kr/crf005.do?id=crf00503s01&gSite=Q&jmCd=6793&jmInfoDivCcd=A0
7900,조경기능사,T,fetched,True,True,True,,https://www.q-net.or.kr/crf005.do?id=crf00503s01&gSite=Q&jmCd=7900&jmInfoDivCcd=A0
7070,조적기능사,T,fetched,True,True,True,,https://www.q-net.or.kr/crf005.do?id=crf00503s01&gSite=Q&jmCd=7070&jmInfoDivCcd=A0
7916,조주기능사,T,fetched,True,True,True,,https://www.q-net.or.kr/crf005.do?id=crf00503s01&gSite=Q&jmCd=7916&jmInfoDivCcd=A0
7620,종자기능사,T,needs_content_review,True,True,True,unexpected_section_text:합격률,https://www.q-net.or.kr/crf005.do?id=crf00503s01&gSite=Q&jmCd=7620&jmInfoDivCcd=A0
6461,주조기능사,T,fetched,True,True,True,,https://www.q-net.or.kr/crf005.do?id=crf00503s01&gSite=Q&jmCd=6461&jmInfoDivCcd=A0
7913,중식조리기능사,T,fetched,True,True,True,,https://www.q-net.or.kr/crf005.do?id=crf00503s01&gSite=Q&jmCd=7913&jmInfoDivCcd=A0
7875,지게차운전기능사,T,fetched,True,True,True,,https://www.q-net.or.kr/crf005.do?id=crf00503s01&gSite=Q&jmCd=7875&jmInfoDivCcd=A0
7680,지도제작기능사,T,fetched,True,True,True,,https://www.q-net.or.kr/crf005.do?id=crf00503s01&gSite=Q&jmCd=7680&jmInfoDivCcd=A0
7650,지적기능사,T,fetched,True,True,True,,https://www.q-net.or.kr/crf005.do?id=crf00503s01&gSite=Q&jmCd=7650&jmInfoDivCcd=A0
7483,천공기운전기능사,T,fetched,True,True,True,,https://www.q-net.or.kr/crf005.do?id=crf00503s01&gSite=Q&jmCd=7483&jmInfoDivCcd=A0
7864,천장크레인운전기능사,T,fetched,True,True,True,,https://www.q-net.or.kr/crf005.do?id=crf00503s01&gSite=Q&jmCd=7864&jmInfoDivCcd=A0
7080,철근기능사,T,fetched,True,True,True,,https://www.q-net.or.kr/crf005.do?id=crf00503s01&gSite=Q&jmCd=7080&jmInfoDivCcd=A0
6772,철도전기신호기능사,T,fetched,False,True,True,,https://www.q-net.or.kr/crf005.do?id=crf00503s01&gSite=Q&jmCd=6772&jmInfoDivCcd=A0
6352,철도차량정비기능사,T,fetched,True,True,True,,https://www.q-net.or.kr/crf005.do?id=crf00503s01&gSite=Q&jmCd=6352&jmInfoDivCcd=A0
7010,철도토목기능사,T,fetched,True,True,True,,https://www.q-net.or.kr/crf005.do?id=crf00503s01&gSite=Q&jmCd=7010&jmInfoDivCcd=A0
7472,초음파비파괴검사기능사,T,fetched,True,True,True,,https://www.q-net.or.kr/crf005.do?id=crf00503s01&gSite=Q&jmCd=7472&jmInfoDivCcd=A0
6381,축로기능사,T,fetched,True,True,True,,https://www.q-net.or.kr/crf005.do?id=crf00503s01&gSite=Q&jmCd=6381&jmInfoDivCcd=A0
7481,축산기능사,T,fetched,True,True,True,,https://www.q-net.or.kr/crf005.do?id=crf00503s01&gSite=Q&jmCd=7481&jmInfoDivCcd=A0
6980,측량기능사,T,fetched,True,True,True,,https://www.q-net.or.kr/crf005.do?id=crf00503s01&gSite=Q&jmCd=6980&jmInfoDivCcd=A0
7474,침투비파괴검사기능사,T,fetched,True,True,True,,https://www.q-net.or.kr/crf005.do?id=crf00503s01&gSite=Q&jmCd=7474&jmInfoDivCcd=A0
7835,컨테이너크레인운전기능사,T,fetched,True,True,True,,https://www.q-net.or.kr/crf005.do?id=crf00503s01&gSite=Q&jmCd=7835&jmInfoDivCcd=A0
7796,컴퓨터그래픽기능사,T,empty,False,False,False,career_sections_missing,https://www.q-net.or.kr/crf005.do?id=crf00503s01&gSite=Q&jmCd=7796&jmInfoDivCcd=A0
6032,컴퓨터응용밀링기능사,T,fetched,True,True,True,,https://www.q-net.or.kr/crf005.do?id=crf00503s01&gSite=Q&jmCd=6032&jmInfoDivCcd=A0
6012,컴퓨터응용선반기능사,T,fetched,True,True,True,,https://www.q-net.or.kr/crf005.do?id=crf00503s01&gSite=Q&jmCd=6012&jmInfoDivCcd=A0
7020,콘크리트기능사,T,fetched,True,True,True,,https://www.q-net.or.kr/crf005.do?id=crf00503s01&gSite=Q&jmCd=7020&jmInfoDivCcd=A0
7834,타워크레인운전기능사,T,fetched,True,True,True,,https://www.q-net.or.kr/crf005.do?id=crf00503s01&gSite=Q&jmCd=7834&jmInfoDivCcd=A0
7210,타일기능사,T,fetched,True,True,True,,https://www.q-net.or.kr/crf005.do?id=crf00503s01&gSite=Q&jmCd=7210&jmInfoDivCcd=A0
6175,판금제관기능사,T,fetched,True,True,True,,https://www.q-net.or.kr/crf005.do?id=crf00503s01&gSite=Q&jmCd=6175&jmInfoDivCcd=A0
7646,펄프종이제조기능사,T,fetched,True,True,True,,https://www.q-net.or.kr/crf005.do?id=crf00503s01&gSite=Q&jmCd=7646&jmInfoDivCcd=A0
6835,표면실장장비기능사,T,fetched,True,True,True,,https://www.q-net.or.kr/crf005.do?id=crf00503s01&gSite=Q&jmCd=6835&jmInfoDivCcd=A0
6480,표면처리기능사,T,fetched,True,True,True,,https://www.q-net.or.kr/crf005.do?id=crf00503s01&gSite=Q&jmCd=6480&jmInfoDivCcd=A0
8080,프레스금형기능사보,T,empty,False,False,False,career_sections_missing,https://www.q-net.or.kr/crf005.do?id=crf00503s01&gSite=Q&jmCd=8080&jmInfoDivCcd=A0
6921,프로그래밍기능사,T,fetched,True,True,True,,https://www.q-net.or.kr/crf005.do?id=crf00503s01&gSite=Q&jmCd=6921&jmInfoDivCcd=A0
7103,플라스틱창호기능사,T,fetched,True,True,True,,https://www.q-net.or.kr/crf005.do?id=crf00503s01&gSite=Q&jmCd=7103&jmInfoDivCcd=A0
6223,피복아크용접기능사,T,fetched,True,True,True,,https://www.q-net.or.kr/crf005.do?id=crf00503s01&gSite=Q&jmCd=6223&jmInfoDivCcd=A0
7917,피아노조율기능사,T,fetched,True,True,True,,https://www.q-net.or.kr/crf005.do?id=crf00503s01&gSite=Q&jmCd=7917&jmInfoDivCcd=A0
7723,한복기능사,T,fetched,True,True,True,,https://www.q-net.or.kr/crf005.do?id=crf00503s01&gSite=Q&jmCd=7723&jmInfoDivCcd=A0
7910,한식조리기능사,T,fetched,True,True,True,,https://www.q-net.or.kr/crf005.do?id=crf00503s01&gSite=Q&jmCd=7910&jmInfoDivCcd=A0
6288,항공기정비기능사,T,fetched,True,True,True,,https://www.q-net.or.kr/crf005.do?id=crf00503s01&gSite=Q&jmCd=6288&jmInfoDivCcd=A0
7670,항공사진기능사,T,fetched,True,True,True,,https://www.q-net.or.kr/crf005.do?id=crf00503s01&gSite=Q&jmCd=7670&jmInfoDivCcd=A0
6289,항공전기·전자정비기능사,T,fetched,True,True,True,,https://www.q-net.or.kr/crf005.do?id=crf00503s01&gSite=Q&jmCd=6289&jmInfoDivCcd=A0
6351,항로표지기능사,T,fetched,True,True,True,,https://www.q-net.or.kr/crf005.do?id=crf00503s01&gSite=Q&jmCd=6351&jmInfoDivCcd=A0
7970,화약취급기능사,T,fetched,True,True,True,,https://www.q-net.or.kr/crf005.do?id=crf00503s01&gSite=Q&jmCd=7970&jmInfoDivCcd=A0
6560,화학분석기능사,T,fetched,True,True,True,,https://www.q-net.or.kr/crf005.do?id=crf00503s01&gSite=Q&jmCd=6560&jmInfoDivCcd=A0
7625,화훼장식기능사,T,fetched,True,True,True,,https://www.q-net.or.kr/crf005.do?id=crf00503s01&gSite=Q&jmCd=7625&jmInfoDivCcd=A0
7918,환경기능사,T,fetched,True,True,True,,https://www.q-net.or.kr/crf005.do?id=crf00503s01&gSite=Q&jmCd=7918&jmInfoDivCcd=A0
9500,공인노무사,S,fetched,True,True,False,,https://www.q-net.or.kr/crf005.do?id=crf00503s01&gSite=Q&jmCd=9500&jmInfoDivCcd=A0
9503,가맹거래사,S,fetched,True,True,False,,https://www.q-net.or.kr/crf005.do?id=crf00503s01&gSite=Q&jmCd=9503&jmInfoDivCcd=A0
9630,공인중개사,S,fetched,True,True,False,,https://www.q-net.or.kr/crf005.do?id=crf00503s01&gSite=Q&jmCd=9630&jmInfoDivCcd=A0
9502,기계경비지도사,S,fetched,True,False,True,,https://www.q-net.or.kr/crf005.do?id=crf00503s01&gSite=Q&jmCd=9502&jmInfoDivCcd=A0
9501,일반경비지도사,S,fetched,True,True,True,,https://www.q-net.or.kr/crf005.do?id=crf00503s01&gSite=Q&jmCd=9501&jmInfoDivCcd=A0
9641,세무사,S,fetched,True,True,False,,https://www.q-net.or.kr/crf005.do?id=crf00503s01&gSite=Q&jmCd=9641&jmInfoDivCcd=A0
9640,관세사,S,fetched,True,True,True,,https://www.q-net.or.kr/crf005.do?id=crf00503s01&gSite=Q&jmCd=9640&jmInfoDivCcd=A0
9722,외국어번역행정사,S,fetched,True,True,False,,https://www.q-net.or.kr/crf005.do?id=crf00503s01&gSite=Q&jmCd=9722&jmInfoDivCcd=A0
9721,일반행정사,S,fetched,True,True,False,,https://www.q-net.or.kr/crf005.do?id=crf00503s01&gSite=Q&jmCd=9721&jmInfoDivCcd=A0
9723,해사행정사,S,fetched,True,True,False,,https://www.q-net.or.kr/crf005.do?id=crf00503s01&gSite=Q&jmCd=9723&jmInfoDivCcd=A0
9657,소방안전교육사,S,fetched,True,True,False,,https://www.q-net.or.kr/crf005.do?id=crf00503s01&gSite=Q&jmCd=9657&jmInfoDivCcd=A0
9658,소방시설관리사,S,fetched,True,True,False,,https://www.q-net.or.kr/crf005.do?id=crf00503s01&gSite=Q&jmCd=9658&jmInfoDivCcd=A0
9659,박물관및미술관준학예사,S,fetched,True,True,True,,https://www.q-net.or.kr/crf005.do?id=crf00503s01&gSite=Q&jmCd=9659&jmInfoDivCcd=A0
9660,한국어교육능력검정시험,S,fetched,False,True,False,,https://www.q-net.or.kr/crf005.do?id=crf00503s01&gSite=Q&jmCd=9660&jmInfoDivCcd=A0
9625,관광통역안내사(독어),S,fetched,True,True,True,,https://www.q-net.or.kr/crf005.do?id=crf00503s01&gSite=Q&jmCd=9625&jmInfoDivCcd=A0
9627,관광통역안내사(러시아어),S,fetched,True,True,True,,https://www.q-net.or.kr/crf005.do?id=crf00503s01&gSite=Q&jmCd=9627&jmInfoDivCcd=A0
9634,관광통역안내사(말레이/인도네시아어),S,fetched,True,True,True,,https://www.q-net.or.kr/crf005.do?id=crf00503s01&gSite=Q&jmCd=9634&jmInfoDivCcd=A0
9633,관광통역안내사(베트남어),S,fetched,True,True,True,,https://www.q-net.or.kr/crf005.do?id=crf00503s01&gSite=Q&jmCd=9633&jmInfoDivCcd=A0
9624,관광통역안내사(불어),S,fetched,True,True,True,,https://www.q-net.or.kr/crf005.do?id=crf00503s01&gSite=Q&jmCd=9624&jmInfoDivCcd=A0
9626,관광통역안내사(스페인어),S,fetched,True,True,True,,https://www.q-net.or.kr/crf005.do?id=crf00503s01&gSite=Q&jmCd=9626&jmInfoDivCcd=A0
9635,관광통역안내사(아랍어),S,fetched,True,True,True,,https://www.q-net.or.kr/crf005.do?id=crf00503s01&gSite=Q&jmCd=9635&jmInfoDivCcd=A0
9661,관광통역안내사(영어),S,fetched,True,True,True,,https://www.q-net.or.kr/crf005.do?id=crf00503s01&gSite=Q&jmCd=9661&jmInfoDivCcd=A0
9631,관광통역안내사(이탈리아어),S,fetched,True,True,True,,https://www.q-net.or.kr/crf005.do?id=crf00503s01&gSite=Q&jmCd=9631&jmInfoDivCcd=A0
9628,관광통역안내사(일본어),S,fetched,True,True,True,,https://www.q-net.or.kr/crf005.do?id=crf00503s01&gSite=Q&jmCd=9628&jmInfoDivCcd=A0
9629,관광통역안내사(중국어),S,fetched,True,True,True,,https://www.q-net.or.kr/crf005.do?id=crf00503s01&gSite=Q&jmCd=9629&jmInfoDivCcd=A0
9632,관광통역안내사(태국어),S,fetched,True,True,True,,https://www.q-net.or.kr/crf005.do?id=crf00503s01&gSite=Q&jmCd=9632&jmInfoDivCcd=A0
9663,호텔관리사,S,fetched,True,True,False,,https://www.q-net.or.kr/crf005.do?id=crf00503s01&gSite=Q&jmCd=9663&jmInfoDivCcd=A0
9662,호텔경영사,S,fetched,True,True,False,,https://www.q-net.or.kr/crf005.do?id=crf00503s01&gSite=Q&jmCd=9662&jmInfoDivCcd=A0
9664,국내여행안내사,S,fetched,True,True,True,,https://www.q-net.or.kr/crf005.do?id=crf00503s01&gSite=Q&jmCd=9664&jmInfoDivCcd=A0
9665,호텔서비스사,S,fetched,True,True,False,,https://www.q-net.or.kr/crf005.do?id=crf00503s01&gSite=Q&jmCd=9665&jmInfoDivCcd=A0
9667,국가유산수리기술자(단청),S,empty,False,False,False,career_sections_missing,https://www.q-net.or.kr/crf005.do?id=crf00503s01&gSite=Q&jmCd=9667&jmInfoDivCcd=A0
9666,국가유산수리기술자(보수),S,empty,False,False,False,career_sections_missing,https://www.q-net.or.kr/crf005.do?id=crf00503s01&gSite=Q&jmCd=9666&jmInfoDivCcd=A0
9670,국가유산수리기술자(보존과학),S,empty,False,False,False,career_sections_missing,https://www.q-net.or.kr/crf005.do?id=crf00503s01&gSite=Q&jmCd=9670&jmInfoDivCcd=A0
9671,국가유산수리기술자(식물보호),S,empty,False,False,False,career_sections_missing,https://www.q-net.or.kr/crf005.do?id=crf00503s01&gSite=Q&jmCd=9671&jmInfoDivCcd=A0
9668,국가유산수리기술자(실측설계),S,empty,False,False,False,career_sections_missing,https://www.q-net.or.kr/crf005.do?id=crf00503s01&gSite=Q&jmCd=9668&jmInfoDivCcd=A0
9669,국가유산수리기술자(조경),S,empty,False,False,False,career_sections_missing,https://www.q-net.or.kr/crf005.do?id=crf00503s01&gSite=Q&jmCd=9669&jmInfoDivCcd=A0
9674,국가유산수리기능자(가공석공),S,empty,False,False,False,career_sections_missing,https://www.q-net.or.kr/crf005.do?id=crf00503s01&gSite=Q&jmCd=9674&jmInfoDivCcd=A0
9672,국가유산수리기능자(대목수),S,empty,False,False,False,career_sections_missing,https://www.q-net.or.kr/crf005.do?id=crf00503s01&gSite=Q&jmCd=9672&jmInfoDivCcd=A0
9685,국가유산수리기능자(도금공),S,empty,False,False,False,career_sections_missing,https://www.q-net.or.kr/crf005.do?id=crf00503s01&gSite=Q&jmCd=9685&jmInfoDivCcd=A0
9677,국가유산수리기능자(드잡이공),S,empty,False,False,False,career_sections_missing,https://www.q-net.or.kr/crf005.do?id=crf00503s01&gSite=Q&jmCd=9677&jmInfoDivCcd=A0
9706,국가유산수리기능자(모사공),S,empty,False,False,False,career_sections_missing,https://www.q-net.or.kr/crf005.do?id=crf00503s01&gSite=Q&jmCd=9706&jmInfoDivCcd=A0
9682,국가유산수리기능자(목조각공),S,empty,False,False,False,career_sections_missing,https://www.q-net.or.kr/crf005.do?id=crf00503s01&gSite=Q&jmCd=9682&jmInfoDivCcd=A0
9693,국가유산수리기능자(박제및표본제작공),S,empty,False,False,False,career_sections_missing,https://www.q-net.or.kr/crf005.do?id=crf00503s01&gSite=Q&jmCd=9693&jmInfoDivCcd=A0
9678,국가유산수리기능자(번와와공),S,empty,False,False,False,career_sections_missing,https://www.q-net.or.kr/crf005.do?id=crf00503s01&gSite=Q&jmCd=9678&jmInfoDivCcd=A0
9690,국가유산수리기능자(보존처리공),S,empty,False,False,False,career_sections_missing,https://www.q-net.or.kr/crf005.do?id=crf00503s01&gSite=Q&jmCd=9690&jmInfoDivCcd=A0
9683,국가유산수리기능자(석조각공),S,empty,False,False,False,career_sections_missing,https://www.q-net.or.kr/crf005.do?id=crf00503s01&gSite=Q&jmCd=9683&jmInfoDivCcd=A0
9688,국가유산수리기능자(세척공),S,empty,False,False,False,career_sections_missing,https://www.q-net.or.kr/crf005.do?id=crf00503s01&gSite=Q&jmCd=9688&jmInfoDivCcd=A0
9673,국가유산수리기능자(소목수),S,empty,False,False,False,career_sections_missing,https://www.q-net.or.kr/crf005.do?id=crf00503s01&gSite=Q&jmCd=9673&jmInfoDivCcd=A0
9691,국가유산수리기능자(식물보호공),S,empty,False,False,False,career_sections_missing,https://www.q-net.or.kr/crf005.do?id=crf00503s01&gSite=Q&jmCd=9691&jmInfoDivCcd=A0
9692,국가유산수리기능자(실측설계사보),S,empty,False,False,False,career_sections_missing,https://www.q-net.or.kr/crf005.do?id=crf00503s01&gSite=Q&jmCd=9692&jmInfoDivCcd=A0
9675,국가유산수리기능자(쌓기석공),S,empty,False,False,False,career_sections_missing,https://www.q-net.or.kr/crf005.do?id=crf00503s01&gSite=Q&jmCd=9675&jmInfoDivCcd=A0
9694,국가유산수리기능자(온돌공),S,empty,False,False,False,career_sections_missing,https://www.q-net.or.kr/crf005.do?id=crf00503s01&gSite=Q&jmCd=9694&jmInfoDivCcd=A0
9679,국가유산수리기능자(제작와공),S,empty,False,False,False,career_sections_missing,https://www.q-net.or.kr/crf005.do?id=crf00503s01&gSite=Q&jmCd=9679&jmInfoDivCcd=A0
9687,국가유산수리기능자(조경공),S,empty,False,False,False,career_sections_missing,https://www.q-net.or.kr/crf005.do?id=crf00503s01&gSite=Q&jmCd=9687&jmInfoDivCcd=A0
9681,국가유산수리기능자(철물공),S,empty,False,False,False,career_sections_missing,https://www.q-net.or.kr/crf005.do?id=crf00503s01&gSite=Q&jmCd=9681&jmInfoDivCcd=A0
9684,국가유산수리기능자(칠공),S,empty,False,False,False,career_sections_missing,https://www.q-net.or.kr/crf005.do?id=crf00503s01&gSite=Q&jmCd=9684&jmInfoDivCcd=A0
9686,국가유산수리기능자(표구공),S,empty,False,False,False,career_sections_missing,https://www.q-net.or.kr/crf005.do?id=crf00503s01&gSite=Q&jmCd=9686&jmInfoDivCcd=A0
9680,국가유산수리기능자(한식미장공),S,empty,False,False,False,career_sections_missing,https://www.q-net.or.kr/crf005.do?id=crf00503s01&gSite=Q&jmCd=9680&jmInfoDivCcd=A0
9676,국가유산수리기능자(화공),S,empty,False,False,False,career_sections_missing,https://www.q-net.or.kr/crf005.do?id=crf00503s01&gSite=Q&jmCd=9676&jmInfoDivCcd=A0
9689,국가유산수리기능자(훈증공),S,empty,False,False,False,career_sections_missing,https://www.q-net.or.kr/crf005.do?id=crf00503s01&gSite=Q&jmCd=9689&jmInfoDivCcd=A0
9695,농산물품질관리사,S,fetched,True,True,False,,https://www.q-net.or.kr/crf005.do?id=crf00503s01&gSite=Q&jmCd=9695&jmInfoDivCcd=A0
9697,경매사(수산),S,empty,False,False,False,career_sections_missing,https://www.q-net.or.kr/crf005.do?id=crf00503s01&gSite=Q&jmCd=9697&jmInfoDivCcd=A0
9700,경매사(약용),S,empty,False,False,False,career_sections_missing,https://www.q-net.or.kr/crf005.do?id=crf00503s01&gSite=Q&jmCd=9700&jmInfoDivCcd=A0
9728,경매사(양곡),S,empty,False,False,False,career_sections_missing,https://www.q-net.or.kr/crf005.do?id=crf00503s01&gSite=Q&jmCd=9728&jmInfoDivCcd=A0
9696,경매사(청과),S,empty,False,False,False,career_sections_missing,https://www.q-net.or.kr/crf005.do?id=crf00503s01&gSite=Q&jmCd=9696&jmInfoDivCcd=A0
9698,경매사(축산),S,fetched,True,True,False,,https://www.q-net.or.kr/crf005.do?id=crf00503s01&gSite=Q&jmCd=9698&jmInfoDivCcd=A0
9699,경매사(화훼),S,empty,False,False,False,career_sections_missing,https://www.q-net.or.kr/crf005.do?id=crf00503s01&gSite=Q&jmCd=9699&jmInfoDivCcd=A0
9705,경영지도사(1차공통),S,fetched,True,True,False,,https://www.q-net.or.kr/crf005.do?id=crf00503s01&gSite=Q&jmCd=9705&jmInfoDivCcd=A0
9704,경영지도사(마케팅),S,fetched,True,True,False,,https://www.q-net.or.kr/crf005.do?id=crf00503s01&gSite=Q&jmCd=9704&jmInfoDivCcd=A0
9703,경영지도사(생산관리),S,fetched,True,True,False,,https://www.q-net.or.kr/crf005.do?id=crf00503s01&gSite=Q&jmCd=9703&jmInfoDivCcd=A0
9701,경영지도사(인적자원관리),S,fetched,True,True,False,,https://www.q-net.or.kr/crf005.do?id=crf00503s01&gSite=Q&jmCd=9701&jmInfoDivCcd=A0
9702,경영지도사(재무관리),S,fetched,True,True,False,,https://www.q-net.or.kr/crf005.do?id=crf00503s01&gSite=Q&jmCd=9702&jmInfoDivCcd=A0
9729,기술지도사(1차공통),S,fetched,True,True,False,,https://www.q-net.or.kr/crf005.do?id=crf00503s01&gSite=Q&jmCd=9729&jmInfoDivCcd=A0
9758,기술지도사(기술혁신관리),S,empty,False,False,False,career_sections_missing,https://www.q-net.or.kr/crf005.do?id=crf00503s01&gSite=Q&jmCd=9758&jmInfoDivCcd=A0
9759,기술지도사(정보기술관리),S,empty,False,False,False,career_sections_missing,https://www.q-net.or.kr/crf005.do?id=crf00503s01&gSite=Q&jmCd=9759&jmInfoDivCcd=A0
9737,변리사,S,fetched,True,True,True,,https://www.q-net.or.kr/crf005.do?id=crf00503s01&gSite=Q&jmCd=9737&jmInfoDivCcd=A0
9738,사회복지사 1급,S,fetched,True,True,False,,https://www.q-net.or.kr/crf005.do?id=crf00503s01&gSite=Q&jmCd=9738&jmInfoDivCcd=A0
9739,정수시설운영관리사1급,S,fetched,True,True,False,,https://www.q-net.or.kr/crf005.do?id=crf00503s01&gSite=Q&jmCd=9739&jmInfoDivCcd=A0
9740,정수시설운영관리사2급,S,fetched,True,True,False,,https://www.q-net.or.kr/crf005.do?id=crf00503s01&gSite=Q&jmCd=9740&jmInfoDivCcd=A0
9741,정수시설운영관리사3급,S,fetched,True,True,False,,https://www.q-net.or.kr/crf005.do?id=crf00503s01&gSite=Q&jmCd=9741&jmInfoDivCcd=A0
9714,산업안전지도사(건설안전),S,fetched,True,True,False,,https://www.q-net.or.kr/crf005.do?id=crf00503s01&gSite=Q&jmCd=9714&jmInfoDivCcd=A0
9711,산업안전지도사(기계안전),S,fetched,True,True,False,,https://www.q-net.or.kr/crf005.do?id=crf00503s01&gSite=Q&jmCd=9711&jmInfoDivCcd=A0
9712,산업안전지도사(전기안전),S,fetched,True,True,False,,https://www.q-net.or.kr/crf005.do?id=crf00503s01&gSite=Q&jmCd=9712&jmInfoDivCcd=A0
9713,산업안전지도사(화공안전),S,fetched,True,True,False,,https://www.q-net.or.kr/crf005.do?id=crf00503s01&gSite=Q&jmCd=9713&jmInfoDivCcd=A0
9716,산업보건지도사(산업위생공학),S,fetched,True,True,False,,https://www.q-net.or.kr/crf005.do?id=crf00503s01&gSite=Q&jmCd=9716&jmInfoDivCcd=A0
9715,산업보건지도사(직업환경의학),S,fetched,True,True,False,,https://www.q-net.or.kr/crf005.do?id=crf00503s01&gSite=Q&jmCd=9715&jmInfoDivCcd=A0
9744,주택관리사보,S,fetched,True,True,False,,https://www.q-net.or.kr/crf005.do?id=crf00503s01&gSite=Q&jmCd=9744&jmInfoDivCcd=A0
9745,감정평가사,S,fetched,True,True,True,,https://www.q-net.or.kr/crf005.do?id=crf00503s01&gSite=Q&jmCd=9745&jmInfoDivCcd=A0
9746,물류관리사,S,fetched,True,True,False,,https://www.q-net.or.kr/crf005.do?id=crf00503s01&gSite=Q&jmCd=9746&jmInfoDivCcd=A0
9747,검수사,S,fetched,True,True,False,,https://www.q-net.or.kr/crf005.do?id=crf00503s01&gSite=Q&jmCd=9747&jmInfoDivCcd=A0
9748,검량사,S,fetched,True,True,False,,https://www.q-net.or.kr/crf005.do?id=crf00503s01&gSite=Q&jmCd=9748&jmInfoDivCcd=A0
9749,감정사,S,fetched,True,True,False,,https://www.q-net.or.kr/crf005.do?id=crf00503s01&gSite=Q&jmCd=9749&jmInfoDivCcd=A0
9750,1급 청소년지도사,S,fetched,True,True,True,,https://www.q-net.or.kr/crf005.do?id=crf00503s01&gSite=Q&jmCd=9750&jmInfoDivCcd=A0
9751,2급 청소년지도사,S,fetched,True,True,True,,https://www.q-net.or.kr/crf005.do?id=crf00503s01&gSite=Q&jmCd=9751&jmInfoDivCcd=A0
9752,3급 청소년지도사,S,fetched,True,True,True,,https://www.q-net.or.kr/crf005.do?id=crf00503s01&gSite=Q&jmCd=9752&jmInfoDivCcd=A0
9753,1급 청소년상담사,S,fetched,True,True,False,,https://www.q-net.or.kr/crf005.do?id=crf00503s01&gSite=Q&jmCd=9753&jmInfoDivCcd=A0
9754,2급 청소년상담사,S,fetched,True,True,False,,https://www.q-net.or.kr/crf005.do?id=crf00503s01&gSite=Q&jmCd=9754&jmInfoDivCcd=A0
9755,3급 청소년상담사,S,fetched,True,True,False,,https://www.q-net.or.kr/crf005.do?id=crf00503s01&gSite=Q&jmCd=9755&jmInfoDivCcd=A0
9762,수산물품질관리사,S,fetched,True,True,False,,https://www.q-net.or.kr/crf005.do?id=crf00503s01&gSite=Q&jmCd=9762&jmInfoDivCcd=A0
9763,손해평가사,S,fetched,True,True,False,,https://www.q-net.or.kr/crf005.do?id=crf00503s01&gSite=Q&jmCd=9763&jmInfoDivCcd=A0
