qnet_code,name,review_status,summary,database_ready,full_card_ready,reason
0752,가스기술사,assistant_reviewed_summary_only,가스기술사는 가스 분야에 대한 전문지식과 실무경험을 바탕으로 기술 업무를 수행합니다.,True,False,
0080,건설기계기술사,assistant_reviewed_summary_only,건설기계기술사는 건설기계 분야의 기술 업무를 수행하는 전문가입니다.,True,False,
0740,건설안전기술사,assistant_reviewed_summary_only,건설안전기술사는 건설안전 분야의 기술 업무를 전문적으로 수행합니다.,True,False,
0490,건축구조기술사,assistant_reviewed_summary_only,건축구조기술사는 건축구조 분야의 기술 업무를 수행하는 전문가입니다.,True,False,
0501,건축기계설비기술사,assistant_reviewed_summary_only,건축기계설비기술사는 건축설비 분야의 기술 업무를 전문적으로 수행합니다.,True,False,
0510,건축시공기술사,assistant_reviewed_summary_only,건축시공기술사는 건축시공 분야의 기술 업무를 수행하는 전문가입니다.,True,False,
0502,건축전기설비기술사,assistant_reviewed_summary_only,건축전기설비기술사는 건축전기설비 분야의 기술 업무를 전문적으로 수행합니다.,True,False,
0511,건축품질시험기술사,assistant_reviewed_summary_only,건축품질시험기술사는 건축품질시험 분야의 기술 업무를 수행하는 전문가입니다.,True,False,
0760,공장관리기술사,assistant_reviewed_summary_only,공장관리기술사는 공장관리 분야의 기술 업무를 전문적으로 수행합니다.,True,False,
0071,공조냉동기계기술사,assistant_reviewed_summary_only,공조냉동기계기술사는 공조냉동기계 분야의 기술 업무를 수행하는 전문가입니다.,True,False,
0951,교통기술사,assistant_reviewed_summary_only,교통기술사는 교통 분야의 기술 업무를 전문적으로 수행합니다.,True,False,
0130,금속가공기술사,assistant_reviewed_summary_only,금속가공기술사는 금속가공 분야의 기술 업무를 수행하는 전문가입니다.,True,False,
0110,금속재료기술사,assistant_reviewed_summary_only,금속재료기술사는 금속재료 분야의 기술 업무를 전문적으로 수행합니다.,True,False,
0094,금속제련기술사,assistant_reviewed_summary_only,금속제련기술사는 금속제련 분야의 기술 업무를 수행하는 전문가입니다.,True,False,
0012,금형기술사,assistant_reviewed_summary_only,금형기술사는 금형 분야의 기술 업무를 전문적으로 수행합니다.,True,False,
0872,기계기술사,assistant_reviewed_summary_only,기계기술사는 기계 분야의 기술 업무를 수행하는 전문가입니다.,True,False,
0710,기계안전기술사,assistant_reviewed_summary_only,기계안전기술사는 기계안전 분야의 기술 업무를 전문적으로 수행합니다.,True,False,
0891,기상예보기술사,assistant_reviewed_summary_only,기상예보기술사는 기상 예측 및 분석 업무를 수행하는 전문가입니다.,True,False,
0470,농어업토목기술사,assistant_reviewed_summary_only,농어업토목기술사는 농어업토목 분야의 기술 업무를 전문적으로 수행합니다.,True,False,
0950,농화학기술사,assistant_reviewed_summary_only,농화학기술사는 농화학 분야의 기술 업무를 수행하는 전문가입니다.,True,False,
0920,대기관리기술사,assistant_reviewed_summary_only,대기관리기술사는 대기환경을 관리하기 위한 기술적 업무를 수행합니다.,True,False,
0420,도로및공항기술사,assistant_reviewed_summary_only,도로및공항기술사는 도로 및 공항 분야의 기술적 업무를 수행합니다.,True,False,
0650,도시계획기술사,assistant_reviewed_summary_only,도시계획기술사는 도시계획 분야의 기술적 업무를 수행합니다.,True,False,
0230,발송배전기술사,assistant_reviewed_summary_only,발송배전기술사는 전기발송 및 배전설비의 기술적 업무를 수행합니다.,True,False,
0802,비파괴검사기술사,assistant_reviewed_summary_only,비파괴검사기술사는 비파괴검사 관련 기술적 업무를 수행합니다.,True,False,
0801,산림기술사,assistant_reviewed_summary_only,산림기술사는 산림 관련 기술적 업무를 수행합니다.,True,False,
0270,산업계측제어기술사,assistant_reviewed_summary_only,산업계측제어기술사는 공업계측제어 분야의 기술적 업무를 수행합니다.,True,False,
0060,산업기계설비기술사,assistant_reviewed_summary_only,산업기계설비기술사는 다양한 산업용 기계에 관한 기술적 업무를 수행합니다.,True,False,
0751,산업위생관리기술사,assistant_reviewed_summary_only,산업위생관리기술사는 산업위생 분야의 기술적 업무를 수행합니다.,True,False,
0460,상하수도기술사,assistant_reviewed_summary_only,상하수도기술사는 상하수도 분야의 기술적 업무를 수행합니다.,True,False,
0551,섬유기술사,assistant_reviewed_summary_only,섬유기술사는 섬유제품의 고급화 및 가공 관련 기술적 업무를 수행합니다.,True,False,
0790,세라믹기술사,assistant_reviewed_summary_only,세라믹기술사는 세라믹 관련 기술적 업무를 수행합니다.,True,False,
0750,소방기술사,assistant_reviewed_summary_only,소방기술사는 소방설비 관련 기술적 업무를 수행합니다.,True,False,
0940,소음진동기술사,assistant_reviewed_summary_only,소음진동기술사는 소음 및 진동 관련 기술적 업무를 수행합니다.,True,False,
0701,수산양식기술사,assistant_reviewed_summary_only,수산양식기술사는 수산양식 관련 기술적 업무를 수행합니다.,True,False,
0810,수산제조기술사,assistant_reviewed_summary_only,수산제조기술사는 수산식품의 제조 및 가공 관련 기술적 업무를 수행합니다.,True,False,
0451,수자원개발기술사,assistant_reviewed_summary_only,수자원개발기술사는 수자원 개발 관련 기술적 업무를 수행합니다.,True,False,
0930,수질관리기술사,assistant_reviewed_summary_only,수질관리기술사는 수질 관리 관련 기술적 업무를 수행합니다.,True,False,
0841,시설원예기술사,assistant_reviewed_summary_only,시설원예기술사는 시설원예 관련 기술적 업무를 수행합니다.,True,False,
0800,식품기술사,assistant_reviewed_summary_only,식품기술사는 식품 관련 기술적 업무를 수행합니다.,True,False,
0702,어업기술사,assistant_reviewed_summary_only,어업기술사는 어로에 관한 전문지식과 실무경험을 바탕으로 기술업무를 수행합니다.,True,False,
0011,용접기술사,assistant_reviewed_summary_only,용접기술사는 용접 분야의 전문지식과 실무경험을 바탕으로 기술업무를 수행합니다.,True,False,
0561,의류기술사,assistant_reviewed_summary_only,의류기술사는 의류 분야의 전문지식과 실무경험을 바탕으로 기술업무를 수행합니다.,True,False,
0875,인간공학기술사,assistant_reviewed_summary_only,인간공학기술사는 작업자의 근골격계 질환요인 분석 및 예방교육을 수행합니다.,True,False,
0938,자연환경관리기술사,assistant_reviewed_summary_only,자연환경관리기술사는 생태계 영향평가 및 복원계획 수립을 수행합니다.,True,False,
0730,전기안전기술사,assistant_reviewed_summary_only,전기안전기술사는 전기안전 분야의 전문지식과 실무경험을 바탕으로 기술업무를 수행합니다.,True,False,
0250,전기응용기술사,assistant_reviewed_summary_only,전기응용기술사는 전기응용 분야의 전문지식과 실무경험을 바탕으로 기술업무를 수행합니다.,True,False,
0432,전기철도기술사,assistant_reviewed_summary_only,전기철도기술사는 전기철도설비에 대한 전문지식과 실무경험을 바탕으로 기술업무를 수행합니다.,True,False,
0301,전자응용기술사,assistant_reviewed_summary_only,전자응용기술사는 전자응용 분야의 전문지식과 실무경험을 바탕으로 기술업무를 수행합니다.,True,False,
0601,정보관리기술사,assistant_reviewed_summary_only,정보관리기술사는 정보관리에 관한 전문지식과 실무경험을 바탕으로 기술업무를 수행합니다.,True,False,
0960,제품디자인기술사,assistant_reviewed_summary_only,제품디자인기술사는 제품디자인 분야의 전문지식과 실무경험을 바탕으로 기술업무를 수행합니다.,True,False,
0670,조경기술사,held,,False,False,도시계획 설명이 지적기술사와 거의 동일함. 조경 고유 업무 근거 재확인 필요
0320,조선기술사,assistant_reviewed_summary_only,조선기술사는 선박설계 및 조선 관련 직무를 수행합니다.,True,False,
0840,종자기술사,assistant_reviewed_summary_only,종자기술사는 종자에 관한 전문지식과 실무경험을 바탕으로 기술업무를 수행합니다.,True,False,
0690,지적기술사,held,,False,False,도시계획 설명이 조경기술사와 거의 동일함. 지적 고유 업무 근거 재확인 필요
0825,지질및지반기술사,assistant_reviewed_summary_only,지질및지반기술사는 지질 및 지반조사와 관련된 기술업무를 수행합니다.,True,False,
0050,차량기술사,assistant_reviewed_summary_only,차량기술사는 자동차의 구조 및 성능에 대한 연구와 기술업무를 수행합니다.,True,False,
0430,철도기술사,assistant_reviewed_summary_only,철도기술사는 철도 분야의 토목기술에 관한 전문지식과 실무경험을 바탕으로 기술업무를 수행합니다.,True,False,
0261,철도신호기술사,assistant_reviewed_summary_only,철도신호기술사는 철도신호장치에 대한 기술업무를 수행합니다.,True,False,
0431,철도차량기술사,assistant_reviewed_summary_only,철도차량기술사는 철도차량의 설계 및 기술업무를 수행합니다.,True,False,
0851,축산기술사,assistant_reviewed_summary_only,축산기술사는 축산에 관한 고도의 전문지식과 실무경험을 바탕으로 기술업무를 수행합니다.,True,False,
0680,측량및지형공간정보기술사,assistant_reviewed_summary_only,측량및지형공간정보기술사는 측량 및 지형공간정보에 관한 전문지식과 실무경험을 바탕으로 기술업무를 수행합니다.,True,False,
0622,컴퓨터시스템응용기술사,assistant_reviewed_summary_only,컴퓨터시스템응용기술사는 컴퓨터 시스템에 관한 전문적인 지식과 기술을 바탕으로 업무를 수행합니다.,True,False,
0400,토목구조기술사,assistant_reviewed_summary_only,토목구조기술사는 토목구조분야의 전문지식과 실무경험을 바탕으로 기술업무를 수행합니다.,True,False,
0480,토목시공기술사,assistant_reviewed_summary_only,토목시공기술사는 토목시공분야의 전문지식과 실무경험을 바탕으로 기술업무를 수행합니다.,True,False,
0481,토목품질시험기술사,assistant_reviewed_summary_only,토목품질시험기술사는 토목품질시험 분야의 전문지식과 실무경험을 바탕으로 기술업무를 수행합니다.,True,False,
0948,토양환경기술사,assistant_reviewed_summary_only,토양환경기술사는 토양환경 및 관련 제도 법규에 관한 전문지식과 실무경험을 바탕으로 기술업무를 수행합니다.,True,False,
0390,토질및기초기술사,assistant_reviewed_summary_only,토질및기초기술사는 토질 및 기초분야의 전문지식과 실무경험을 바탕으로 기술업무를 수행합니다.,True,False,
0970,폐기물처리기술사,assistant_reviewed_summary_only,폐기물처리기술사는 환경분야의 전문지식과 실무경험을 바탕으로 기술업무를 수행합니다.,True,False,
0780,포장기술사,assistant_reviewed_summary_only,포장기술사는 포장기술분야의 전문지식과 실무경험을 바탕으로 기술업무를 수행합니다.,True,False,
0120,표면처리기술사,assistant_reviewed_summary_only,표면처리기술사는 표면처리에 관한 전문지식과 실무경험을 바탕으로 기술업무를 수행합니다.,True,False,
0770,품질관리기술사,assistant_reviewed_summary_only,품질관리기술사는 품질관리분야의 전문지식과 실무경험을 바탕으로 기술업무를 수행합니다.,True,False,
0370,항공기관기술사,assistant_reviewed_summary_only,항공기관기술사는 항공기용 엔진 및 산업용 엔진을 설계하거나 연구·개발하는 업무를 수행합니다.,True,False,
0360,항공기체기술사,assistant_reviewed_summary_only,항공기체기술사는 항공기체의 수리 또는 개조작업에 대한 기술업무를 수행합니다.,True,False,
0410,항만및해안기술사,assistant_reviewed_summary_only,항만및해안기술사는 항만 및 해안분야의 전문지식과 실무경험을 바탕으로 기술업무를 수행합니다.,True,False,
0700,해양기술사,assistant_reviewed_summary_only,해양기술사는 해양에 관한 전문지식과 실무경험을 바탕으로 기술업무를 수행합니다.,True,False,
0210,화공기술사,held,,False,False,개요는 2005~2006년 종목 통합 이력이며 현재 직무 설명을 뒷받침하지 않음
0720,화공안전기술사,assistant_reviewed_summary_only,화공안전기술사는 화공안전 분야의 전문지식과 실무경험을 바탕으로 기술업무를 수행합니다.,True,False,
0591,화약류관리기술사,assistant_reviewed_summary_only,"화약류관리기술사는 화약류의 운반 및 취급, 저장에 대한 전문지식과 실무경험을 바탕으로 기술업무를 수행합니다.",True,False,
3375,가스기능장,assistant_reviewed_summary_only,가스기능장은 고압가스에 관한 최상급 숙련기능을 바탕으로 현장 관리 및 감독 업무를 수행합니다.,True,False,
3120,건설기계정비기능장,assistant_reviewed_summary_only,건설기계 정비와 현장 작업관리·기능인력 지도 등 정비 현장의 관리 업무를 다루는 국가기술자격입니다.,True,False,
3611,건축목재시공기능장,assistant_reviewed_summary_only,"목구조 골조·거푸집 제작과 설치, 건축물의 목재 마감 작업을 다루는 국가기술자격입니다.",True,False,
3621,건축일반시공기능장,assistant_reviewed_summary_only,건축시공 현장의 작업관리·현장훈련과 기능인력 지도 업무를 다루는 국가기술자격입니다.,True,False,
3770,귀금속가공기능장,assistant_reviewed_summary_only,귀금속 가공과 관련 현장의 작업관리·기능인력 지도 업무를 다루는 국가기술자격입니다.,True,False,
3221,금속재료기능장,assistant_reviewed_summary_only,금속 열처리·재료시험과 관련 현장의 작업관리·기능인력 지도 업무를 다루는 국가기술자격입니다.,True,False,
3061,금형기능장,assistant_reviewed_summary_only,금형 제작 현장의 작업관리·현장훈련·기능인력 지도 업무를 다루는 국가기술자격입니다.,True,False,
3021,기계가공기능장,assistant_reviewed_summary_only,기계가공 현장의 작업관리·현장훈련·기능인력 지도 업무를 다루는 국가기술자격입니다.,True,False,
3924,미용장,assistant_reviewed_summary_only,얼굴·머리·피부 등을 손질하는 미용 업무를 다루는 국가기술자격입니다.,True,False,
3081,배관기능장,assistant_reviewed_summary_only,배관 작업 현장의 작업관리·현장훈련·기능인력 지도 업무를 다루는 국가기술자격입니다.,True,False,
9773,산림기능장,assistant_reviewed_summary_only,"산림작업 계획·시행, 재해안전관리와 기능인력의 교육·지도 등 작업시스템 관리 업무를 다루는 국가기술자격입니다.",True,False,
3270,압연기능장,assistant_reviewed_summary_only,압연 현장의 작업관리·현장훈련·기능인력 지도 업무를 다루는 국가기술자격입니다.,True,False,
3170,에너지관리기능장,assistant_reviewed_summary_only,보일러 시공·취급과 관련 현장의 작업관리·현장훈련 업무를 다루는 국가기술자격입니다.,True,False,
3100,용접기능장,assistant_reviewed_summary_only,용접 현장의 작업관리·현장훈련·기능인력 지도 업무를 다루는 국가기술자격입니다.,True,False,
3360,위험물기능장,assistant_reviewed_summary_only,위험물 관리·점검과 관련 현장의 작업관리·현장훈련 업무를 다루는 국가기술자격입니다.,True,False,
3925,이용장,assistant_reviewed_summary_only,머리카락·수염 등을 깎거나 다듬는 이용 업무를 다루는 국가기술자격입니다.,True,False,
3110,자동차정비기능장,assistant_reviewed_summary_only,자동차 정비 현장의 작업관리·현장훈련·기능인력 지도 업무를 다루는 국가기술자격입니다.,True,False,
3911,잠수기능장,assistant_reviewed_summary_only,산업잠수 현장의 공정관리·현장훈련·기능인력 지도 업무를 다루는 국가기술자격입니다.,True,False,
3380,전기기능장,assistant_reviewed_summary_only,전기 현장의 작업관리·현장훈련·기능인력 지도 업무를 다루는 국가기술자격입니다.,True,False,
3410,전자기능장,assistant_reviewed_summary_only,전자기기 관련 현장의 작업관리·현장훈련·기능인력 지도 업무를 다루는 국가기술자격입니다.,True,False,
3240,제강기능장,assistant_reviewed_summary_only,제강 현장의 작업관리·현장훈련·기능인력 지도 업무를 다루는 국가기술자격입니다.,True,False,
3923,제과기능장,assistant_reviewed_summary_only,제과기능장은 제과 및 제빵 제품을 제조하기 위한 재료 배합과 공정을 수행하는 업무를 다룹니다.,True,False,
3230,제선기능장,assistant_reviewed_summary_only,제선기능장은 제선 작업을 관리하고 기능자를 지도 및 감독하는 업무를 수행합니다.,True,False,
3922,조리기능장,assistant_reviewed_summary_only,조리기능장은 다양한 요리의 개발 및 조리 과정을 총괄하는 업무를 다룹니다.,True,False,
3200,주조기능장,assistant_reviewed_summary_only,주조기능장은 주조 작업을 관리하고 기능자를 지도 및 감독하는 업무를 수행합니다.,True,False,
3150,철도차량정비기능장,assistant_reviewed_summary_only,철도차량정비기능장은 철도 동력차의 정비를 관리하고 기능자를 지도 및 감독하는 업무를 수행합니다.,True,False,
3095,판금제관기능장,assistant_reviewed_summary_only,판금제관기능장은 판금제관 작업을 관리하고 기능자를 지도 및 감독하는 업무를 수행합니다.,True,False,
3210,표면처리기능장,assistant_reviewed_summary_only,표면처리기능장은 도금 작업을 관리하고 기능자를 지도 및 감독하는 업무를 수행합니다.,True,False,
3643,한복기능장,assistant_reviewed_summary_only,한복기능장은 한복의 디자인과 제작을 관리하며 생산 및 품질 관리를 수행합니다.,True,False,
2177,3D프린터개발산업기사,assistant_reviewed_summary_only,3D프린터개발산업기사는 3D 프린터의 설계 및 테스트를 수행하는 업무를 다룹니다.,True,False,
2142,가구제작산업기사,assistant_reviewed_summary_only,가구제작산업기사는 가구를 설계하고 제작하는 업무를 수행합니다.,True,False,
1471,가스기사,assistant_reviewed_summary_only,가스기사는 고압가스의 안전 관리를 위한 지도 및 감독 업무를 수행합니다.,True,False,
2471,가스산업기사,assistant_reviewed_summary_only,가스산업기사는 고압가스의 안전 관리를 위한 지도 및 감독 업무를 수행합니다.,True,False,
2044,객화차정비산업기사,assistant_reviewed_summary_only,객화차정비산업기사는 객화차의 기계 장치 및 구성 부품을 검사하고 수선하는 업무를 수행합니다.,True,False,
1040,건설기계설비기사,assistant_reviewed_summary_only,건설기계설비기사는 건설플랜트의 기계설비를 설계하고 제작하는 업무를 수행합니다.,True,False,
2040,건설기계설비산업기사,assistant_reviewed_summary_only,건설기계설비산업기사는 건설플랜트의 기계설비를 설계하고 제작하는 업무를 수행합니다.,True,False,
1050,건설기계정비기사,assistant_reviewed_summary_only,건설기계정비기사는 건설기계장비의 고장 분석 및 점검 업무를 수행합니다.,True,False,
2050,건설기계정비산업기사,assistant_reviewed_summary_only,건설기계정비산업기사는 건설기계의 정비 및 점검 업무를 수행합니다.,True,False,
1440,건설안전기사,assistant_reviewed_summary_only,건설안전기사는 건설재해 예방 및 안전 관리를 수행하는 업무를 다룹니다.,True,False,
2390,건설안전산업기사,assistant_reviewed_summary_only,건설안전산업기사는 건설재해 예방 및 안전 관리를 수행하는 업무를 다룹니다.,True,False,
1750,건설재료시험기사,assistant_reviewed_summary_only,건설재료시험기사는 공사현장의 흙과 자재의 품질을 검사하고 분석하는 업무를 수행합니다.,True,False,
2600,건설재료시험산업기사,assistant_reviewed_summary_only,공사현장에서 흙을 채취하고 품질 검사를 통해 적합성을 조사하는 업무를 수행합니다.,True,False,
1630,건축기사,assistant_reviewed_summary_only,"건축물 공사의 공정, 품질, 안전 등을 관리하며 기술적 지원을 제공하는 업무를 수행합니다.",True,False,
2253,건축목공산업기사,assistant_reviewed_summary_only,목구조의 골조 구성 및 일반 건축물의 마감 작업을 수행하는 업무를 다룹니다.,True,False,
2530,건축산업기사,assistant_reviewed_summary_only,건축물 공사의 전반적인 관리와 기술적 지원을 제공하는 업무를 수행합니다.,True,False,
1632,건축설비기사,assistant_reviewed_summary_only,건축물의 열원설비 및 공기조화설비를 설계하고 관리하는 업무를 수행합니다.,True,False,
2531,건축설비산업기사,assistant_reviewed_summary_only,건축물의 설비를 설계하고 유지 관리하는 업무를 수행합니다.,True,False,
2251,건축일반시공산업기사,assistant_reviewed_summary_only,건물의 마감 작업 및 하위 기능자의 지도 및 감독을 수행하는 업무를 다룹니다.,True,False,
2331,공간정보융합산업기사,assistant_reviewed_summary_only,공간정보를 처리하고 융합 콘텐츠 및 서비스를 개발하는 업무를 수행합니다.,True,False,
9777,공공조달관리사,assistant_reviewed_summary_only,공공조달의 효율적 운영을 위한 분석 및 관리 업무를 수행합니다.,True,False,
1730,공조냉동기계기사,assistant_reviewed_summary_only,냉동기계 및 공기조화설비의 시공과 유지보수 업무를 수행합니다.,True,False,
2590,공조냉동기계산업기사,assistant_reviewed_summary_only,냉동기계 및 공기조화설비의 설치와 관리 업무를 수행합니다.,True,False,
2108,광학기기산업기사,assistant_reviewed_summary_only,광학기기를 조립하고 정비하는 업무를 수행합니다.,True,False,
1513,광학기사,assistant_reviewed_summary_only,광학기기를 설계하고 연구 개발하는 업무를 수행합니다.,True,False,
1751,교통기사,assistant_reviewed_summary_only,교통자료를 분석하고 교통투자계획을 세우는 업무를 수행합니다.,True,False,
2751,교통산업기사,assistant_reviewed_summary_only,교통시설의 관리 및 운영 방안을 강구하는 업무를 수행합니다.,True,False,
9105,국제의료관광코디네이터,assistant_reviewed_summary_only,국제 의료관광을 위한 진료서비스 및 관광지원을 담당하는 업무를 수행합니다.,True,False,
1051,궤도장비정비기사,assistant_reviewed_summary_only,궤도장비의 운용 및 정비 업무를 수행합니다.,True,False,
2051,궤도장비정비산업기사,assistant_reviewed_summary_only,궤도장비의 운용 및 정비 업무를 수행합니다.,True,False,
2760,귀금속가공산업기사,assistant_reviewed_summary_only,귀금속과 보석을 소재로 장신구 및 예술품을 제작하고 수리하는 업무를 수행합니다.,True,False,
1027,그린전동자동차기사,assistant_reviewed_summary_only,전동기를 사용하는 하이브리드 자동차의 설계 및 성능 평가 업무를 수행합니다.,True,False,
1104,금속재료기사,held,,False,False,금속재료 종목에 선광·제련·정련 설명이 있어 종목별 업무 범위 재확인 필요
2101,금속재료산업기사,assistant_reviewed_summary_only,"금속재료에 대한 기술기초지식과 상급 숙련기능을 바탕으로 재료시험, 결함시험, 금속열처리 등의 업무를 수행합니다.",True,False,
2031,기계설계산업기사,assistant_reviewed_summary_only,"CAD 시스템을 이용하여 기계도면을 작성하고, 부품도를 설계하며 생산관리 및 품질관리 업무를 수행합니다.",True,False,
2011,기계조립산업기사,assistant_reviewed_summary_only,"도면을 보고 기계를 조립, 설치, 검사하며 기계부품 및 금형 등을 제작하는 업무를 수행합니다.",True,False,
1601,기상감정기사,assistant_reviewed_summary_only,"기상 공학적 기술이론을 바탕으로 기상현상을 조사, 분석하고 그 영향을 평가하는 직무를 수행합니다.",True,False,
1600,기상기사,assistant_reviewed_summary_only,"기류, 기압, 온도 등의 대기 물리적 특성을 조사하고 기상도를 작성하며 기상예보를 위한 자료를 분석합니다.",True,False,
1582,농림토양평가관리기사,assistant_reviewed_summary_only,"토양, 비료, 식물체 등을 분석하여 농업환경을 평가하고 관리하는 업무를 수행합니다.",True,False,
2582,농림토양평가관리산업기사,assistant_reviewed_summary_only,토양검정을 통해 비료사용 및 작물영양 진단 등의 복합적인 기능 업무를 수행합니다.,True,False,
1023,농업기계기사,assistant_reviewed_summary_only,농업기계를 설계하고 기계부품 및 공구를 제작하는 업무를 수행합니다.,True,False,
2027,농업기계산업기사,assistant_reviewed_summary_only,농업기계 및 기계부품을 제작하거나 수리하기 위해 부품을 조립하는 기능업무를 수행합니다.,True,False,
1442,농작업안전보건기사,assistant_reviewed_summary_only,농작업 안전보건교육을 계획하고 위험요인을 예측하여 대책을 제시하는 직무를 수행합니다.,True,False,
1617,누설비파괴검사기사,assistant_reviewed_summary_only,누설비파괴검사 절차를 계획하고 검사결과를 판별하며 관련 안전관리를 수행합니다.,True,False,
1661,대기환경기사,assistant_reviewed_summary_only,대기환경관리 계획을 수립하고 대기오염을 예방하기 위한 관리 및 보전 업무를 수행합니다.,True,False,
2571,대기환경산업기사,assistant_reviewed_summary_only,대기환경관리 계획을 수립하고 대기오염을 예방하기 위한 관리 및 보전 업무를 수행합니다.,True,False,
1350,도시계획기사,assistant_reviewed_summary_only,도시계획 및 지역계획을 수립하고 집행과정에 참여하여 공간 및 시설 배치계획을 수립합니다.,True,False,
2391,디지털인쇄산업기사,assistant_reviewed_summary_only,디지털 인쇄기로 인쇄하고 인쇄물 품질 관리를 수행합니다.,True,False,
1177,로봇기구개발기사,assistant_reviewed_summary_only,로봇 기구 및 주변장치를 설계하고 제작하는 직무를 수행합니다.,True,False,
1178,로봇소프트웨어개발기사,assistant_reviewed_summary_only,로봇 소프트웨어 구조를 설계하고 필요한 기능을 구현하여 동작을 시험 평가합니다.,True,False,
1179,로봇하드웨어개발기사,assistant_reviewed_summary_only,로봇 하드웨어 아키텍처를 설계하고 시험 평가 및 유지보수를 수행합니다.,True,False,
9545,멀티미디어콘텐츠제작전문가,assistant_reviewed_summary_only,"다양한 사용자의 요구에 맞춰 멀티미디어 콘텐츠를 기획, 디자인, 제작하는 능력을 평가합니다.",True,False,
2060,메카트로닉스산업기사,assistant_reviewed_summary_only,"기계적, 기구적 메카니즘에 전자 기술을 결합하여 기계 시스템을 제작하고 유지 관리하는 업무를 수행합니다.",True,False,
1800,바이오화학제품제조기사,assistant_reviewed_summary_only,생물체의 기능을 이용하여 바이오화학소재 및 제품을 제조하고 품질 관리를 수행하는 업무를 다룹니다.,True,False,
2570,바이오화학제품제조산업기사,assistant_reviewed_summary_only,균주 관리 및 배양 공정을 통해 바이오화학소재와 제품을 제조하는 업무를 수행합니다.,True,False,
2175,반도체커스텀레이아웃산업기사,assistant_reviewed_summary_only,반도체 설계 및 제조를 위한 데이터 생성과 회로 설계 업무를 수행합니다.,True,False,
1611,방사선비파괴검사기사,assistant_reviewed_summary_only,방사선 비파괴 검사 절차를 계획하고 검사 결과를 판별하는 업무를 수행합니다.,True,False,
2611,방사선비파괴검사산업기사,assistant_reviewed_summary_only,방사선 비파괴 검사 업무를 수행하고 검사 결과를 기록하는 직무를 다룹니다.,True,False,
2630,방수산업기사,assistant_reviewed_summary_only,방수공사의 안전과 품질을 확보하기 위해 방수 시공을 관리하고 감독하는 업무를 수행합니다.,True,False,
1443,방재기사,assistant_reviewed_summary_only,자연재난 예방 및 복구와 관련된 업무를 수행합니다.,True,False,
2041,배관산업기사,assistant_reviewed_summary_only,건축 및 플랜트 배관 설비를 설계하고 유지 관리하는 업무를 수행합니다.,True,False,
1641,버섯산업기사,assistant_reviewed_summary_only,버섯 재배를 위한 관리 및 생산 업무를 수행합니다.,True,False,
2980,보석감정산업기사,assistant_reviewed_summary_only,보석의 감별 및 감정 업무를 수행합니다.,True,False,
2880,보석디자인산업기사,assistant_reviewed_summary_only,주얼리 디자인을 개발하는 업무를 수행합니다.,True,False,
2975,복어조리산업기사,assistant_reviewed_summary_only,식재료를 선정하고 조리 및 외식 경영을 수행하는 업무를 다룹니다.,True,False,
2193,사무자동화산업기사,assistant_reviewed_summary_only,사무자동화 프로그램을 활용하여 자료를 수집하고 분석하는 업무를 수행합니다.,True,False,
1024,사출금형기사,assistant_reviewed_summary_only,금형 제작을 위한 설계 및 제작 업무를 수행합니다.,True,False,
2028,사출금형산업기사,assistant_reviewed_summary_only,"금형 제작 및 가공, 검사를 수행하는 업무를 다룹니다.",True,False,
9520,사회조사분석사1급,assistant_reviewed_summary_only,시장조사 및 여론조사 계획을 수립하고 결과를 분석하는 업무를 수행합니다.,True,False,
9521,사회조사분석사2급,assistant_reviewed_summary_only,시장조사 및 여론조사 계획을 수립하고 결과를 분석하는 업무를 수행합니다.,True,False,
1564,산림기사,assistant_reviewed_summary_only,산림 관련 기술 업무를 수행하고 산림 관리 및 설계를 담당합니다.,True,False,
2481,산림산업기사,assistant_reviewed_summary_only,산림 관련 기술 업무를 수행하고 산림 관리 및 설계를 담당합니다.,True,False,
1431,산업안전기사,assistant_reviewed_summary_and_roles,"산업재해 예방계획, 작업환경 점검·개선과 안전교육 등 산업현장 안전관리 직무를 다루는 국가기술자격입니다.",True,True,
2381,산업안전산업기사,assistant_reviewed_summary_only,산업안전산업기사는 산업재해 예방계획 수립과 작업환경 점검 및 개선을 수행하는 업무를 다룹니다.,True,False,
1472,산업위생관리기사,assistant_reviewed_summary_only,산업위생관리기사는 작업장 환경 측정 및 유해 요인 분석을 통해 근로자의 건강 보호 업무를 수행합니다.,True,False,
2472,산업위생관리산업기사,assistant_reviewed_summary_only,산업위생관리산업기사는 작업장 환경 측정 및 유해 요인 분석을 통해 근로자의 건강 보호 업무를 수행합니다.,True,False,
1989,생물분류기사(동물),assistant_reviewed_summary_only,"생물분류기사(동물)는 동물 종의 채집, 식별 및 동정 수행과 관련된 업무를 다룹니다.",True,False,
1988,생물분류기사(식물),assistant_reviewed_summary_only,"생물분류기사(식물)는 식물 종의 채집, 식별 및 동정 수행과 관련된 업무를 다룹니다.",True,False,
1837,설비보전기사,assistant_reviewed_summary_only,설비보전기사는 생산설비의 점검 및 유지보수를 통해 최적의 상태를 유지하는 업무를 수행합니다.,True,False,
2035,설비보전산업기사,assistant_reviewed_summary_only,설비보전산업기사는 설비의 효율적 관리를 위해 정비작업을 수행하는 업무를 다룹니다.,True,False,
1297,섬유기사,assistant_reviewed_summary_only,섬유기사는 섬유재료의 특성을 파악하고 가공 관련 업무를 수행합니다.,True,False,
2264,섬유디자인산업기사,assistant_reviewed_summary_only,섬유디자인산업기사는 섬유디자인 관련 업무를 수행합니다.,True,False,
2277,섬유산업기사,assistant_reviewed_summary_only,섬유산업기사는 섬유재료의 특성을 파악하고 가공 관련 업무를 수행합니다.,True,False,
1900,소방설비기사(기계분야),assistant_reviewed_summary_only,소방설비기사(기계분야)는 소방시설의 설계 및 관리 업무를 수행합니다.,True,False,
1910,소방설비기사(전기분야),assistant_reviewed_summary_only,소방설비기사(전기분야)는 소방시설의 설계 및 관리 업무를 수행합니다.,True,False,
2900,소방설비산업기사(기계분야),assistant_reviewed_summary_only,소방설비산업기사(기계분야)는 소방시설의 설계 및 관리 업무를 수행합니다.,True,False,
2910,소방설비산업기사(전기분야),assistant_reviewed_summary_only,소방설비산업기사(전기분야)는 소방시설의 설계 및 관리 업무를 수행합니다.,True,False,
9537,소비자전문상담사1급,assistant_reviewed_summary_only,소비자전문상담사1급은 소비자 불만 및 피해 상담과 관련된 업무를 수행합니다.,True,False,
9538,소비자전문상담사2급,assistant_reviewed_summary_only,소비자전문상담사2급은 소비자 불만 및 피해 상담과 관련된 업무를 수행합니다.,True,False,
1663,소음진동기사,assistant_reviewed_summary_only,소음진동기사는 소음진동 상태를 측정하고 대책을 강구하는 업무를 수행합니다.,True,False,
2573,소음진동산업기사,assistant_reviewed_summary_only,소음진동산업기사는 소음진동 상태를 측정하고 방지시설을 시공하는 업무를 수행합니다.,True,False,
1625,수산양식기사,assistant_reviewed_summary_only,수산양식기사는 수산생물의 양식 및 관리 업무를 수행합니다.,True,False,
2520,수산양식산업기사,assistant_reviewed_summary_only,수산양식산업기사는 양식조건에 적합한 수산생물을 선정하고 적절한 시설을 제작하여 수산생물을 양식하는 업무를 수행합니다.,True,False,
1540,수산제조기사,assistant_reviewed_summary_only,"수산제조기사는 수산물 원료의 생물화학적 기초지식을 바탕으로 원료처리공정, 가공공정, 유통공정, 품질관리, 안전성관리 등의 일련의 과정을 통해 식품 혹은 물질을 제조하거나 공정과 위생을 총괄적으로 관리하는 직무를 수행합니다.",True,False,
1662,수질환경기사,assistant_reviewed_summary_only,수질환경기사는 수질 분야에 측정망을 설치하고 그 지역의 수질오염상태를 측정하여 다각적인 연구와 실험분석을 통해 수질오염에 대한 대책을 강구하는 업무를 수행합니다.,True,False,
2572,수질환경산업기사,assistant_reviewed_summary_only,"수질환경산업기사는 수질 분야에 측정망을 설치하고 수질오염상태를 측정하여 연구와 실험분석을 통해 수질오염에 대한 대책을 강구하고 오염방지시설을 설계, 시공, 운영하는 업무를 수행합니다.",True,False,
9772,스마트공장산업기사,missing_evidence,,False,False,확인한 공식 경로에 직무 근거 없음
9546,스포츠경영관리사,assistant_reviewed_summary_only,"스포츠경영관리사는 스포츠이벤트의 기획 및 운영, 스포츠스폰서 및 광고주 유치, 스포츠 마케팅 기획 및 운영, 스포츠시설 관리 등의 업무를 수행합니다.",True,False,
1555,승강기기사,assistant_reviewed_summary_only,"승강기기사는 기계, 전기분야의 공학이론을 바탕으로 안전하고 이용하기에 편리한 현대식 승강기를 설계, 제작하며, 승강기의 설치, 검사, 유지, 보수 등의 일을 지도 감독하는 업무를 수행합니다.",True,False,
2395,승강기산업기사,assistant_reviewed_summary_only,"승강기산업기사는 기계, 전기분야의 지식과 숙련기능을 바탕으로 안전하고 이용하기에 편리한 현대식 승강기를 설계, 제작하거나 승강기의 설치, 검사, 유지, 보수 등의 업무를 수행합니다.",True,False,
1790,시각디자인기사,missing_evidence,,False,False,확인한 공식 경로에 직무 근거 없음
2434,시각디자인산업기사,missing_evidence,,False,False,확인한 공식 경로에 직무 근거 없음
1780,시설원예기사,assistant_reviewed_summary_only,"시설원예기사는 시설원예에 관한 기술이론 지식을 가지고 온실, 하우스 같은 시설을 계획, 설계 및 설치하고 재배환경조건을 조절하여 각종 원예작물을 집약적으로 재배관리하는 직무를 수행합니다.",True,False,
1562,식물보호기사,assistant_reviewed_summary_only,"식물보호기사는 식물보호에 관한 기술이론 지식을 가지고 식물의 피해의 진단 및 방제 등의 기술업무를 수행하며, 농작물의 병, 해충의 발생원인을 분석하고 적합한 약제를 선정하는 직무를 수행합니다.",True,False,
2562,식물보호산업기사,assistant_reviewed_summary_only,식물보호산업기사는 식물보호에 관한 기술이론 지식 또는 숙련기능을 바탕으로 식물의 피해의 진단 및 방제 등의 복합적인 기능업무를 수행합니다.,True,False,
1541,식육가공기사,assistant_reviewed_summary_only,"식육가공기사는 식육원료 및 식육가공 전반에 대한 지식과 법규에 대한 이해를 바탕으로 원료관리, 가공, 품질 및 유통관리, 안전 및 위생관리 등의 일련의 과정을 통해 육가공 제품을 제조하는 직무를 수행합니다.",True,False,
2450,식품산업기사,assistant_reviewed_summary_only,"식품산업기사는 식품재료를 선택하고 선별, 분류하며, 제조공정에 따라 기계적, 물리화학적 처리를 하며 작업공정을 조정하고 안전상태를 점검하는 업무를 수행합니다.",True,False,
1530,식품안전기사,assistant_reviewed_summary_only,"식품안전기사는 식품기술분야에 대한 기본적인 지식을 바탕으로 식품재료의 선택에서부터 새로운 식품의 기획, 개발, 분석, 검사 등의 업무를 담당하며, 식품제조 및 가공공정에 대한 관리, 감독의 업무를 수행합니다.",True,False,
2302,신발산업기사,assistant_reviewed_summary_only,"신발산업기사는 신발 신상품 생산을 위해 기획과 디자인을 통해 신상품의 패턴 및 금형을 설계하고, 견본을 제작·검증하여 기능성과 심미성이 있는 신발 제품을 개발하는 직무를 수행합니다.",True,False,
1114,신재생에너지발전설비기사(태양광),assistant_reviewed_summary_only,"신재생에너지발전설비기사는 신재생에너지 발전소의 인허가, 시공 및 감독, 효율적 운영을 위한 유지보수 업무 등을 수행합니다.",True,False,
2114,신재생에너지발전설비산업기사(태양광),assistant_reviewed_summary_only,"신재생에너지발전설비산업기사는 신재생에너지 발전소의 인허가, 시공 및 감독, 효율적 운영을 위한 유지보수 업무 등을 수행합니다.",True,False,
1282,실내건축기사,assistant_reviewed_summary_only,"실내건축기사는 건축공간을 기능적, 미적으로 계획하기 위해 공간의 기능에 맞게 면적을 배분하고 설계도서를 작성하여 현장의 공정 및 시공을 총괄관리하는 직무를 수행합니다.",True,False,
2282,실내건축산업기사,assistant_reviewed_summary_only,"실내건축산업기사는 건축공간을 기능적, 미적으로 계획하기 위해 공간의 기능에 맞게 면적을 배분하고 설계도서를 작성하여 현장의 공정 및 시공을 관리하는 직무를 수행합니다.",True,False,
2972,양식조리산업기사,assistant_reviewed_summary_only,"양식조리산업기사는 메뉴 계획에 따라 식재료를 선정, 구매, 검수, 보관 및 저장하며, 안전하고 위생적으로 음식을 조리하고 급식·외식경영을 수행하는 직무를 담당합니다.",True,False,
2631,어로산업기사,assistant_reviewed_summary_only,어로산업기사는 수산생물의 합리적인 이용을 위해 어장환경의 특성을 분석하고 어장 환경조건의 변화에 대응하는 제 요인들을 조사·분석하여 어장의 환경변화를 규명하는 직무를 수행합니다.,True,False,
1626,어병기사,assistant_reviewed_summary_only,"어병기사는 수산생물의 질병에 대한 원인 분석, 진단 및 예방 업무를 수행합니다.",True,False,
1633,어업생산관리기사,assistant_reviewed_summary_only,어업생산관리기사는 어업과 관련된 각종 어구 및 어법을 계획하고 수립하는 업무를 수행합니다.,True,False,
1340,에너지관리기사,assistant_reviewed_summary_only,에너지관리기사는 보일러 및 관련 장비의 효율적 운전과 안전관리를 위한 점검 및 보수업무를 수행합니다.,True,False,
2960,에너지관리산업기사,assistant_reviewed_summary_only,"에너지관리산업기사는 보일러 및 열사용 기자재의 제작, 설치 및 점검 업무를 수행합니다.",True,False,
1028,온실가스관리기사,assistant_reviewed_summary_only,온실가스관리기사는 온실가스 배출량의 산정과 보고업무를 수행하며 감축활동을 관리합니다.,True,False,
1615,와전류비파괴검사기사,assistant_reviewed_summary_only,와전류비파괴검사기사는 비파괴검사 절차를 계획하고 검사결과를 판별하는 업무를 수행합니다.,True,False,
1022,용접기사,assistant_reviewed_summary_only,용접기사는 용접기술을 개발하고 설계하며 관련 비용을 계산하는 업무를 수행합니다.,True,False,
2026,용접산업기사,assistant_reviewed_summary_only,용접산업기사의 주 업무는 제품과정에 필요한 용접을 통해 구조물을 완성하는 것입니다.,True,False,
2121,위험물산업기사,assistant_reviewed_summary_only,위험물산업기사는 위험물의 안전한 취급과 감독 업무를 수행합니다.,True,False,
1592,유기농업기사,assistant_reviewed_summary_only,유기농업기사는 유기농업의 생산관리 및 품질인증 업무를 수행합니다.,True,False,
2592,유기농업산업기사,assistant_reviewed_summary_only,유기농업산업기사는 유기농업의 생산관리 및 품질인증 업무를 수행합니다.,True,False,
1550,응용지질기사,assistant_reviewed_summary_only,응용지질기사는 지하자원의 탐사 및 채굴방법을 결정하고 감독하는 업무를 수행합니다.,True,False,
1176,의공기사,assistant_reviewed_summary_only,의공기사는 의료기기의 연구 및 개발과 관련된 안전관리 업무를 수행합니다.,True,False,
2176,의공산업기사,assistant_reviewed_summary_only,의공산업기사는 의료기기의 연구 및 개발과 관련된 안전관리 업무를 수행합니다.,True,False,
1301,의류기사,assistant_reviewed_summary_only,의류기사는 의류제품의 대량 생산을 위한 전 공정의 직무를 수행합니다.,True,False,
9547,이러닝운영관리사,assistant_reviewed_summary_only,이러닝운영관리사는 이러닝 환경에서 교육과정 운영계획을 수립하고 학습활동을 촉진하는 업무를 수행합니다.,True,False,
1875,인간공학기사,assistant_reviewed_summary_only,인간공학기사는 작업환경 개선 및 산업재해 예방 업무를 수행합니다.,True,False,
1391,인쇄설계기사,assistant_reviewed_summary_only,인쇄설계기사는 인쇄공정 계획 및 생산관리를 수행합니다.,True,False,
1021,일반기계기사,assistant_reviewed_summary_and_roles,기계·구조물의 설계·제작과 기술지도 등 기계공학 실무를 다루는 국가기술자격입니다.,True,True,
2973,일식조리산업기사,assistant_reviewed_summary_only,일식조리산업기사는 안전하고 위생적으로 음식을 조리하고 경영을 수행합니다.,True,False,
1121,임베디드기사,assistant_reviewed_summary_only,임베디드 시스템에 펌웨어·운영체제를 이식하고 응용 프로그램을 설계·구현·시험하는 업무를 다루는 국가기술자격입니다.,True,False,
1590,임산가공기사,assistant_reviewed_summary_only,임산가공 기술을 활용하여 제품 제조와 목재 관리 업무를 수행합니다.,True,False,
9539,임상심리사1급,assistant_reviewed_summary_only,임상심리학적 지식을 활용하여 심리 평가 및 치료 상담 업무를 수행합니다.,True,False,
9540,임상심리사2급,assistant_reviewed_summary_only,"기초적인 심리 평가 및 상담 업무를 주로 수행하며, 1급 임상심리사의 업무를 보조합니다.",True,False,
1570,임업종묘기사,assistant_reviewed_summary_only,"종자 검사 및 분석, 새로운 종자 개발을 위한 재배 및 환경 조건 조사를 수행합니다.",True,False,
1613,자기비파괴검사기사,assistant_reviewed_summary_only,자기비파괴검사 절차를 계획하고 검사 결과를 판별하는 업무를 수행합니다.,True,False,
2613,자기비파괴검사산업기사,assistant_reviewed_summary_only,자기비파괴검사 관련 지도적 기능 업무를 수행합니다.,True,False,
1070,자동차정비기사,assistant_reviewed_summary_only,자동차의 엔진 및 전기 시스템 점검과 정비를 수행합니다.,True,False,
2070,자동차정비산업기사,assistant_reviewed_summary_only,자동차의 정기 점검 및 고장 정비 업무를 수행합니다.,True,False,
2034,자동화설비산업기사,assistant_reviewed_summary_only,자동화 제어 시스템 구축 및 정비 업무를 수행합니다.,True,False,
1938,자연생태복원기사,assistant_reviewed_summary_only,자연생태계를 관리하고 복원하는 업무를 수행합니다.,True,False,
2938,자연생태복원산업기사,assistant_reviewed_summary_only,생태계 조사 및 복원 시공 업무를 지원합니다.,True,False,
2521,잠수산업기사,assistant_reviewed_summary_only,잠수장비를 사용하여 수중 조사 및 구조 업무를 수행합니다.,True,False,
1160,전기공사기사,assistant_reviewed_summary_only,전기공사 관련 기술적 업무를 수행하고 현장 관리를 담당합니다.,True,False,
2150,전기공사산업기사,assistant_reviewed_summary_only,전기공사 관련 기자재 설치 및 유지보수 업무를 수행합니다.,True,False,
2151,전기기기산업기사,assistant_reviewed_summary_only,전기기기 설치 및 수리 작업을 수행하며 기술 지도 업무를 담당합니다.,True,False,
1150,전기기사,assistant_reviewed_summary_and_roles,전기설비의 설계·감리·유지관리·운용과 관련된 국가기술자격입니다.,True,True,
2140,전기산업기사,assistant_reviewed_summary_only,전기설비 설계 및 관리 업무를 수행합니다.,True,False,
1741,전기철도기사,assistant_reviewed_summary_only,전기철도 송배전선로 및 변전 설비의 시공 관리 업무를 수행합니다.,True,False,
2036,전기철도산업기사,assistant_reviewed_summary_only,전기철도 관련 계획 및 설계 업무를 수행합니다.,True,False,
1170,전자기사,assistant_reviewed_summary_only,"전자기기 및 전자회로 설계업무를 담당하며 부품가공 및 조립, 검사 등의 작업을 관리합니다.",True,False,
2170,전자산업기사,assistant_reviewed_summary_only,전자기기 및 기초적인 전자회로를 설계하고 전자제품 생산 및 관리 보수·수리작업을 담당합니다.,True,False,
2172,전자회로설계산업기사,assistant_reviewed_summary_only,회로시스템에 사용된 부품의 규격 및 목록작성과 PCB나 회로에 대한 시뮬레이션을 수행합니다.,True,False,
2104,정밀측정산업기사,assistant_reviewed_summary_only,정밀측정 설비 및 기계의 유지관리를 통해 측정자료를 관리하고 측정계획을 수립합니다.,True,False,
1125,정밀화학기사,assistant_reviewed_summary_only,정밀화학제품의 설계 및 생산관리를 통해 기능성 화학 제품을 개발합니다.,True,False,
1320,정보처리기사,assistant_reviewed_summary_and_roles,소프트웨어 개발과 정보시스템 운영에 필요한 지식·기술을 다루는 국가기술자격입니다.,True,True,
2290,정보처리산업기사,assistant_reviewed_summary_only,정보시스템의 생명주기 전반에 걸친 프로젝트 업무를 수행합니다.,True,False,
4223,제과산업기사,assistant_reviewed_summary_only,과자류제품 제조에 필요한 이론지식과 숙련기능을 활용하여 생산계획을 수립합니다.,True,False,
4224,제빵산업기사,assistant_reviewed_summary_only,빵류제품 제조에 필요한 이론지식과 숙련기능을 활용하여 생산계획을 수립합니다.,True,False,
1810,제판기사,assistant_reviewed_summary_only,제판 생산관리 및 품질관리를 통해 제판 관련 기술업무를 수행합니다.,True,False,
1512,제품디자인기사,held,,False,False,개요는 제도 도입·인력 부족 배경 중심이며 구체적인 수행직무가 부족함
2432,제품디자인산업기사,assistant_reviewed_summary_only,제품디자인에 필요한 이론을 갖추고 디자인 개발 및 개선을 수행합니다.,True,False,
1370,조경기사,assistant_reviewed_summary_only,자연환경과 인문환경에 대한 조사 및 분석을 통해 조경 결과물을 도출합니다.,True,False,
2320,조경산업기사,assistant_reviewed_summary_only,조경 결과물을 도출하기 위해 기본구상 및 기본계획을 수립하고 실시설계를 작성합니다.,True,False,
2220,조선산업기사,assistant_reviewed_summary_only,선박의 기본 특성과 구조를 이해하고 설계계획안을 작성합니다.,True,False,
1221,조선선체기사,assistant_reviewed_summary_only,선박 건조를 위한 기본설계 및 선체설계를 수행합니다.,True,False,
1222,조선의장기사,assistant_reviewed_summary_only,선박배관설계 및 기장설계 등을 통해 선박 건조를 위한 설계를 수행합니다.,True,False,
1560,종자기사,assistant_reviewed_summary_only,작물의 품종 육성을 위한 시험연구를 수행하고 종자검사 및 보증 업무를 담당합니다.,True,False,
2470,종자산업기사,assistant_reviewed_summary_only,새로운 품종의 육성을 위한 시험연구를 수행하고 종자검사 및 보증 업무를 담당합니다.,True,False,
2105,주조산업기사,assistant_reviewed_summary_only,주조 설계를 통해 각종 제품을 제작하고 용해 업무를 담당합니다.,True,False,
2974,중식조리산업기사,assistant_reviewed_summary_only,중식조리산업기사는 메뉴 계획에 따라 식재료를 선정하고 안전하고 위생적으로 음식을 조리하는 업무를 다룹니다.,True,False,
1390,지적기사,assistant_reviewed_summary_and_roles,토지의 경계·면적을 확인하기 위한 지적측량 계획과 측량 업무를 다루는 국가기술자격입니다.,True,True,
2340,지적산업기사,assistant_reviewed_summary_only,지적산업기사는 지적측량계획을 수립하고 관련 측량업무를 수행합니다.,True,False,
9510,직업상담사1급,assistant_reviewed_summary_only,직업상담사1급은 노동시장과 직업상담기법에 대한 정보를 생산하고 내담자의 직업 논점 진단 및 지원을 수행합니다.,True,False,
9511,직업상담사2급,assistant_reviewed_summary_only,직업상담사2급은 직업상담정책에 대한 정보를 수집하고 집단상담프로그램을 개발하며 상담을 지원합니다.,True,False,
2042,철도동력차기관정비산업기사,assistant_reviewed_summary_only,철도동력차기관정비산업기사는 철도동력차의 정비규정에 따라 기관장치 및 부속장치를 점검하고 수리하는 업무를 수행합니다.,True,False,
2043,철도동력차전기정비산업기사,assistant_reviewed_summary_only,철도동력차전기정비산업기사는 전기차의 전기기기와 전기장치를 검사하고 수리하는 업무를 수행합니다.,True,False,
1740,철도신호기사,assistant_reviewed_summary_only,철도신호기사는 신호장치와 안전설비를 관리하고 취급하는 업무를 수행합니다.,True,False,
2160,철도신호산업기사,assistant_reviewed_summary_only,철도신호산업기사는 신호장치의 유지·보수 및 시험점검을 담당합니다.,True,False,
2045,철도운송산업기사,assistant_reviewed_summary_only,철도운송산업기사는 여객과 화물의 안전하고 정확한 수송을 위한 제반업무를 수행합니다.,True,False,
1030,철도차량기사,assistant_reviewed_summary_only,철도차량기사는 철도차량과 동력장치의 설계·제작 및 검수와 운용을 담당합니다.,True,False,
2030,철도차량산업기사,assistant_reviewed_summary_only,철도차량산업기사는 철도차량의 설계·제작 및 검수와 운용을 수행합니다.,True,False,
1760,철도토목기사,assistant_reviewed_summary_only,"철도토목기사는 선로설비의 설계, 측량, 시공 및 관리계획 작성을 수행합니다.",True,False,
1612,초음파비파괴검사기사,assistant_reviewed_summary_only,초음파비파괴검사기사는 비파괴검사 전반을 관리 및 감독하며 검사방법을 지도합니다.,True,False,
2612,초음파비파괴검사산업기사,assistant_reviewed_summary_only,초음파비파괴검사산업기사는 초음파를 이용한 검사대상물의 결함을 평가하는 업무를 수행합니다.,True,False,
1581,축산기사,assistant_reviewed_summary_only,축산기사는 가축의 생산관리와 경영관리를 수행하여 질 좋은 축산물을 생산합니다.,True,False,
2491,축산산업기사,assistant_reviewed_summary_only,"축산산업기사는 가축의 사육과 번식, 관리 업무를 수행하여 축산물 생산을 지원합니다.",True,False,
1380,측량및지형공간정보기사,assistant_reviewed_summary_only,측량및지형공간정보기사는 측량 및 공간정보 구축에 대한 계획 수립과 관리 업무를 수행합니다.,True,False,
2330,측량및지형공간정보산업기사,assistant_reviewed_summary_only,측량및지형공간정보산업기사는 측량 및 공간정보 구축에 대한 자료취득과 점검 업무를 수행합니다.,True,False,
1614,침투비파괴검사기사,assistant_reviewed_summary_only,침투비파괴검사기사의 업무는 검사절차를 계획하고 검사결과를 판별하는 것입니다.,True,False,
2614,침투비파괴검사산업기사,assistant_reviewed_summary_only,침투비파괴검사산업기사는 침투비파괴검사에 관한 상급숙련기능을 가지고 지도적 기능업무를 수행합니다.,True,False,
9535,컨벤션기획사1급,assistant_reviewed_summary_only,"컨벤션기획사1급은 국제회의 유치, 기획, 준비, 진행 등 제반업무를 조정하고 운영하는 직무를 수행합니다.",True,False,
9536,컨벤션기획사2급,assistant_reviewed_summary_only,"컨벤션기획사2급은 국제회의 유치, 기획, 준비, 진행 등 제반업무를 조정하고 운영하는 직무를 수행합니다.",True,False,
1982,컬러리스트기사,assistant_reviewed_summary_only,"컬러리스트기사는 색채관련 상품기획, 소비자조사, 색채표준, 색채디자인, 색채관리 등 종합적 업무를 수행합니다.",True,False,
2982,컬러리스트산업기사,assistant_reviewed_summary_only,"컬러리스트산업기사는 색채관련 조사, 색채표준, 색채디자인, 색채관리 등 색채분야 업무를 수행합니다.",True,False,
1998,컴퓨터시스템기사,assistant_reviewed_summary_only,컴퓨터시스템기사는 컴퓨터 시스템을 구성하는 하드웨어를 기반으로 시스템 소프트웨어를 설계하고 구현하는 업무를 수행합니다.,True,False,
2025,컴퓨터응용가공산업기사,assistant_reviewed_summary_only,"컴퓨터응용가공산업기사는 CNC 공작기계의 부분 프로그램을 작성 및 수정하고, 다양한 가공 조건에 맞는 프로그램을 작성하는 업무를 수행합니다.",True,False,
1048,콘크리트기사,assistant_reviewed_summary_only,"콘크리트기사는 콘크리트의 제조, 시공, 시험, 검사, 품질관리 등의 업무를 합리적으로 관리하는 직무를 수행합니다.",True,False,
2048,콘크리트산업기사,assistant_reviewed_summary_only,"콘크리트산업기사는 콘크리트의 제조, 시공, 시험, 검사, 품질관리 등의 업무를 합리적으로 관리하는 직무를 수행합니다.",True,False,
9541,텔레마케팅관리사,assistant_reviewed_summary_only,텔레마케팅관리사는 통신수단을 이용하여 상품 또는 서비스에 대한 판매 및 고객관리를 수행합니다.,True,False,
1250,토목기사,assistant_reviewed_summary_only,"토목기사는 도로, 철도, 교량, 항만 등 다양한 토목사업에 대한 조사, 연구, 계획, 설계, 시공, 기술지도를 수행합니다.",True,False,
2240,토목산업기사,assistant_reviewed_summary_only,"토목산업기사는 도로, 공항, 철도, 하천 등 다양한 건설사업을 계획, 설계, 시공, 관리하는 직무를 수행합니다.",True,False,
1948,토양환경기사,assistant_reviewed_summary_only,토양환경기사는 토양 및 지하수를 채취하여 오염도를 측정하고 정화계획안을 마련하는 직무를 수행합니다.,True,False,
2012,판금제관산업기사,assistant_reviewed_summary_only,판금제관산업기사는 판금제관용 기계나 공구를 사용하여 제품을 제작하는 직무를 수행합니다.,True,False,
2301,패션디자인산업기사,assistant_reviewed_summary_only,패션디자인산업기사는 패션상품 디자인 기획을 통해 기능성과 심미성 있는 패션 제품을 창작하는 직무를 수행합니다.,True,False,
2085,패션머천다이징산업기사,assistant_reviewed_summary_only,"패션머천다이징산업기사는 패션 트렌드와 수요를 예측하고 상품의 기획, 생산, 판매 및 세일즈 프로모션을 수행합니다.",True,False,
1950,폐기물처리기사,assistant_reviewed_summary_only,"폐기물처리기사는 폐기물을 처리하기 위한 계획을 수립하고 처리시설을 설계, 시공, 운영하는 직무를 수행합니다.",True,False,
2950,폐기물처리산업기사,assistant_reviewed_summary_only,"폐기물처리산업기사는 폐기물을 처리하기 위한 관리 및 시공, 운영하는 직무를 수행합니다.",True,False,
1511,포장기사,assistant_reviewed_summary_only,포장기사는 제품의 외관 및 포장을 디자인하고 감독하는 업무를 수행합니다.,True,False,
2431,포장산업기사,assistant_reviewed_summary_only,포장산업기사는 제품의 외관 및 포장을 디자인하는 실무적인 일을 수행합니다.,True,False,
2106,표면처리산업기사,assistant_reviewed_summary_only,표면처리산업기사는 금속재료와 표면처리 기술을 바탕으로 관련 작업을 수행합니다.,True,False,
1500,품질경영기사,assistant_reviewed_summary_only,품질경영기사는 제품의 품질을 확보하기 위해 품질경영시스템의 업무를 수행합니다.,True,False,
2420,품질경영산업기사,assistant_reviewed_summary_only,품질경영산업기사는 제품의 품질을 확보하기 위한 품질경영시스템의 업무를 수행합니다.,True,False,
1025,프레스금형기사,assistant_reviewed_summary_only,프레스금형기사는 금형을 설계하고 생산기계에 설치하여 시험하는 업무를 수행합니다.,True,False,
2029,프레스금형산업기사,assistant_reviewed_summary_only,"프레스금형산업기사는 금형을 설계하고 가공, 제작, 검사하는 업무를 수행합니다.",True,False,
2551,피아노조율산업기사,assistant_reviewed_summary_only,피아노조율산업기사는 피아노의 조율 및 수리를 수행합니다.,True,False,
2268,한복산업기사,assistant_reviewed_summary_only,한복산업기사는 고객의 체형에 맞춰 한복을 제작하는 업무를 수행합니다.,True,False,
2971,한식조리산업기사,assistant_reviewed_summary_only,한식조리산업기사는 한식 메뉴를 계획하고 조리하는 업무를 수행합니다.,True,False,
1240,항공기사,assistant_reviewed_summary_only,항공기사는 항공기의 정비와 제작에 참여하며 관리적인 업무를 수행합니다.,True,False,
2230,항공산업기사,assistant_reviewed_summary_only,항공산업기사는 항공기의 수리 및 검사 업무를 수행합니다.,True,False,
1351,항로표지기사,assistant_reviewed_summary_only,항로표지기사는 항로표지 업무를 총괄하는 전문인력입니다.,True,False,
2351,항로표지산업기사,assistant_reviewed_summary_only,항로표지산업기사는 항로표지 업무를 보조하며 복합적인 업무를 수행합니다.,True,False,
1403,해양공학기사,assistant_reviewed_summary_only,해양공학기사는 해양구조물의 설계 및 분석 업무를 수행합니다.,True,False,
1402,해양자원개발기사,assistant_reviewed_summary_only,해양자원개발기사는 해양조사 및 자원 개발 업무를 수행합니다.,True,False,
2350,해양조사산업기사,assistant_reviewed_summary_only,해양조사산업기사는 해양조사에 관한 복합적인 기능업무를 수행합니다.,True,False,
1401,해양환경기사,assistant_reviewed_summary_only,해양환경기사는 해양환경에 대한 조사 및 분석 업무를 수행합니다.,True,False,
1110,화공기사,assistant_reviewed_summary_only,화공기사는 화학공정의 관리 및 감독 업무를 수행합니다.,True,False,
1140,화약류관리기사,assistant_reviewed_summary_only,화약류관리기사는 화약류의 안전관리를 위한 감독 업무를 수행합니다.,True,False,
2130,화약류관리산업기사,assistant_reviewed_summary_only,화약류관리산업기사는 화약류를 이용한 발파작업을 수행합니다.,True,False,
1130,화약류제조기사,assistant_reviewed_summary_only,화약류제조기사는 화약류의 제조 및 안전관리를 감독합니다.,True,False,
2120,화약류제조산업기사,assistant_reviewed_summary_only,화약류 제품을 제조하고 관련 기술 점검 및 안전 교육을 수행하는 업무입니다.,True,False,
1441,화재감식평가기사,assistant_reviewed_summary_only,화재 원인을 판별하기 위해 전문 지식과 기술을 활용하여 사실관계를 규명하는 업무입니다.,True,False,
2441,화재감식평가산업기사,assistant_reviewed_summary_only,화재 원인을 판별하기 위해 전문 지식과 기술을 활용하여 사실관계를 규명하는 업무입니다.,True,False,
1563,화학분석기사,assistant_reviewed_summary_only,"화학 산업 제품의 개발, 제조 및 검사를 통해 품질을 유지하거나 향상시키는 업무입니다.",True,False,
1576,화훼장식기사,assistant_reviewed_summary_only,"화훼류를 주재료로 공간의 장식물 계획, 디자인, 제작 및 관리하는 업무입니다.",True,False,
2625,화훼장식산업기사,assistant_reviewed_summary_only,"화훼장식 디자인, 상품 제작 및 매장 운영을 전문적으로 관리하는 업무입니다.",True,False,
1029,환경위해관리기사,assistant_reviewed_summary_only,환경과 건강 위해성을 예측하고 관리 대책을 수립하는 업무입니다.,True,False,
7785,3D프린터운용기능사,assistant_reviewed_summary_only,3D 프린터를 기반으로 제품을 설계하고 출력하는 업무입니다.,True,False,
7140,가구제작기능사,assistant_reviewed_summary_only,"목재나 금속, 플라스틱재를 가공하여 가구를 제작하는 업무입니다.",True,False,
6335,가스기능사,assistant_reviewed_summary_only,고압가스 제조 및 관련 시설을 관리하고 점검하는 업무입니다.,True,False,
6224,가스텅스텐아크용접기능사,assistant_reviewed_summary_only,가스텅스텐아크용접 관련 작업을 수행하는 업무입니다.,True,False,
7170,거푸집기능사,assistant_reviewed_summary_only,거푸집을 제작하고 설치하는 업무입니다.,True,False,
6298,건설기계정비기능사,assistant_reviewed_summary_only,건설기계의 점검 및 정비를 수행하는 업무입니다.,True,False,
7132,건설재료시험기능사,assistant_reviewed_summary_only,공사현장의 흙을 검사하고 물성치를 구하는 업무입니다.,True,False,
7150,건축도장기능사,assistant_reviewed_summary_only,건물의 외부 및 내부 표면에 도장을 수행하는 업무입니다.,True,False,
7130,건축목공기능사,assistant_reviewed_summary_only,목재로 건축물의 내외부를 마감하는 작업을 수행하는 업무입니다.,True,False,
6981,공간정보융합기능사,assistant_reviewed_summary_only,공간정보 데이터를 수집하고 분석하는 업무입니다.,True,False,
8070,공구제작기능사보,missing_evidence,,False,False,확인한 공식 경로에 직무 근거 없음
6320,공조냉동기계기능사,assistant_reviewed_summary_only,공조냉동기계를 설치하고 관리하는 업무입니다.,True,False,
7385,광산보안기능사(화약분야),assistant_reviewed_summary_only,화약류를 안전하게 관리하는 업무입니다.,True,False,
7371,광산차량기계운전기능사,assistant_reviewed_summary_only,광산작업장에서 차량 및 기계를 운전하는 업무입니다.,True,False,
7372,광산환경기능사,assistant_reviewed_summary_only,광산환경기능사는 광산환경의 오염물질을 조사하고 처리하는 업무를 수행합니다.,True,False,
7862,굴착기운전기능사,assistant_reviewed_summary_only,굴착기운전기능사는 건설현장에서 굴착기를 조종하여 다양한 작업을 수행합니다.,True,False,
6051,궤도장비정비기능사,assistant_reviewed_summary_only,궤도장비정비기능사는 궤도장비의 운용 및 정비 업무를 수행합니다.,True,False,
7460,귀금속가공기능사,assistant_reviewed_summary_only,귀금속가공기능사는 귀금속 장신구를 가공 및 제작하는 업무를 담당합니다.,True,False,
7450,금속도장기능사,assistant_reviewed_summary_only,금속도장기능사는 금속재료의 도장 업무를 수행합니다.,True,False,
6490,금속재료시험기능사,assistant_reviewed_summary_only,금속재료시험기능사는 금속재료의 기계적 시험을 수행합니다.,True,False,
7102,금속재창호기능사,assistant_reviewed_summary_only,금속재창호기능사는 금속재창호를 제작하고 유지보수하는 업무를 수행합니다.,True,False,
6105,금형기능사,assistant_reviewed_summary_only,금형기능사는 금형을 제작하는 직무를 수행합니다.,True,False,
6042,기계가공조립기능사,assistant_reviewed_summary_only,기계가공조립기능사는 기계부품을 조립하고 제작하는 업무를 수행합니다.,True,False,
7861,기중기운전기능사,assistant_reviewed_summary_only,기중기운전기능사는 기중기를 운전하여 화물을 이동시키는 업무를 수행합니다.,True,False,
7931,남성복기능사,assistant_reviewed_summary_only,남성복기능사는 남성복을 제작하는 직무를 수행합니다.,True,False,
6301,농기계운전기능사,assistant_reviewed_summary_only,농기계운전기능사는 농업기계를 운전하고 조작하는 업무를 수행합니다.,True,False,
6300,농업기계정비기능사,assistant_reviewed_summary_only,농업기계정비기능사는 농업기계를 점검하고 수리하는 업무를 수행합니다.,True,False,
7180,도배기능사,assistant_reviewed_summary_only,도배기능사는 건축물의 도배 작업을 수행합니다.,True,False,
7890,도자공예기능사,missing_evidence,,False,False,확인한 공식 경로에 직무 근거 없음
7660,도화기능사,assistant_reviewed_summary_only,도화기능사는 항공사진을 판독하여 도화원도를 작성하는 업무를 수행합니다.,True,False,
7992,떡제조기능사,assistant_reviewed_summary_only,떡제조기능사는 떡을 만드는 직무를 수행합니다.,True,False,
7866,로더운전기능사,assistant_reviewed_summary_only,로더운전기능사는 로더를 운전하여 재료를 이동시키는 업무를 수행합니다.,True,False,
7871,롤러운전기능사,assistant_reviewed_summary_only,롤러운전기능사는 롤러를 운전하여 지반을 다지는 업무를 수행합니다.,True,False,
6903,메카트로닉스기능사,assistant_reviewed_summary_only,메카트로닉스기능사는 자동화 기계장치를 제작하고 시험하는 업무를 수행합니다.,True,False,
7872,모터그레이더운전기능사,assistant_reviewed_summary_only,모터그레이더운전기능사는 모터그레이더를 운전하여 도로를 평탄하게 하는 업무를 수행합니다.,True,False,
7480,목공예기능사,assistant_reviewed_summary_only,목공예기능사는 다양한 수공구와 목공 기계를 사용하여 아름답고 유용한 목공예품을 제작하는 업무를 수행합니다.,True,False,
7645,목재가공기능사,assistant_reviewed_summary_only,"목재가공기능사는 목재를 방부, 방충, 난연 등의 목적으로 약제를 주입하여 목재보존작업을 수행합니다.",True,False,
7101,목재창호기능사,assistant_reviewed_summary_only,"목재창호기능사는 도면에 따라 수공구와 목공기계를 사용하여 문틀, 출입문, 창문 등을 제작 및 수리하는 작업을 수행합니다.",True,False,
7643,목질재료기능사,assistant_reviewed_summary_only,합판·목질보드의 절단·건조·접착 등 제조 공정 업무를 다루는 국가기술자격입니다. 원문의 모호한 재료 명칭은 설명에서 제외했습니다.,True,False,
7957,미용사(네일),assistant_reviewed_summary_only,미용사(네일)는 손톱과 발톱을 건강하고 아름답게 하기 위해 적절한 관리법과 기기 및 제품을 사용하여 네일 미용 업무를 수행합니다.,True,False,
7967,미용사(메이크업),assistant_reviewed_summary_only,"미용사(메이크업)는 이미지 분석, 디자인, 메이크업, 뷰티 코디네이션 등을 통해 얼굴과 신체를 표현하는 업무를 수행합니다.",True,False,
7937,미용사(일반),assistant_reviewed_summary_only,미용사(일반)는 헤어 및 두피에 적절한 관리법과 기기 및 제품을 사용하여 일반미용을 수행합니다.,True,False,
7947,미용사(피부),assistant_reviewed_summary_only,미용사(피부)는 얼굴 및 신체의 피부를 아름답게 유지하고 보호하기 위해 적절한 관리법과 기기 및 제품을 사용하여 피부미용을 수행합니다.,True,False,
7110,미장기능사,assistant_reviewed_summary_only,"미장기능사는 미장용 공구와 장비를 사용하여 구조체의 바닥, 벽, 천정 등에 시멘트 모르타르 등을 발라 면을 평활하게 하거나 장식적 마감을 하는 작업을 수행합니다.",True,False,
9775,바이오공정기능사,missing_evidence,,False,False,확인한 공식 경로에 직무 근거 없음
6033,반도체설비보전기능사,assistant_reviewed_summary_only,반도체설비보전기능사는 반도체 생산시스템이나 장비의 유지보수를 통해 장비를 최적의 상태로 유지하는 직무를 수행합니다.,True,False,
7471,방사선비파괴검사기능사,assistant_reviewed_summary_only,"방사선비파괴검사기능사는 방사선을 이용한 비파괴검사 업무를 수행하며, 적절한 도구를 사용하여 검사 방법 및 절차에 따라 작업을 진행합니다.",True,False,
7030,방수기능사,assistant_reviewed_summary_only,방수기능사는 건축구조물에 방수작업을 수행하여 안전도와 완성도를 높이는 직무를 수행합니다.,True,False,
6213,배관기능사,assistant_reviewed_summary_only,"배관기능사는 건축배관 설비와 플랜트 설비의 시공, 검사 및 유지관리를 수행하는 직무를 담당합니다.",True,False,
7631,버섯종균기능사,assistant_reviewed_summary_only,"버섯종균기능사는 버섯 원균을 증식시켜 접종원을 만들고, 이를 통해 우량한 버섯종균을 제조하는 직무를 수행합니다.",True,False,
7889,보석가공기능사,assistant_reviewed_summary_only,보석가공기능사는 보석원석을 연마하고 가공하여 귀금속에 적합한 크기로 만드는 직무를 수행합니다.,True,False,
7980,보석감정사,assistant_reviewed_summary_only,"보석감정사는 보석의 진위 감별 및 감정을 수행하고, 보석의 특성을 검사하여 감정서를 발부하는 직무를 담당합니다.",True,False,
7914,복어조리기능사,assistant_reviewed_summary_only,"복어조리기능사는 복어메뉴 계획에 따라 식재료를 선정하고 조리하며, 조리기구와 시설관리를 수행하는 직무를 담당합니다.",True,False,
9776,봉제기능사,assistant_reviewed_summary_only,봉제기능사는 재봉기로 의복을 제작하는 직무를 수행합니다.,True,False,
7863,불도저운전기능사,assistant_reviewed_summary_only,불도저운전기능사는 불도저를 운전하여 토목공사 및 건축공사 등의 작업을 수행합니다.,True,False,
7120,비계기능사,assistant_reviewed_summary_only,비계기능사는 건물의 내외부 공사 시 가설 구조물을 설치하고 안전을 위한 작업발판을 설치하는 작업을 수행합니다.,True,False,
7795,사진기능사,assistant_reviewed_summary_only,"사진기능사는 인물이나 사물을 카메라로 촬영하고 현상, 인화, 수정 작업을 통해 사진을 완성하는 업무를 수행한다.",True,False,
8090,사출금형기능사보,missing_evidence,,False,False,확인한 공식 경로에 직무 근거 없음
7632,산림기능사,assistant_reviewed_summary_only,"산림기능사는 조림, 육림, 임업기계 사용, 목재 수확 등의 산림 생산에 관한 작업 관리 및 관련 업무를 수행한다.",True,False,
6990,석공기능사,assistant_reviewed_summary_only,"석공기능사는 건축물의 보행성, 기능성, 내구성 등을 위해 석재 붙임, 검사, 보수 등의 작업을 수행한다.",True,False,
6792,석공예기능사,assistant_reviewed_summary_only,"석공예기능사는 화강암, 석회석 등을 디자인하고 절단하거나 조각하여 장식적인 목적의 작품을 만드는 업무를 수행한다.",True,False,
6960,선박기관정비기능사,assistant_reviewed_summary_only,선박기관정비기능사는 선박기관계통의 기기와 장비가 정상적으로 작동하도록 수리 및 정비 업무를 수행한다.,True,False,
6920,선체건조기능사,assistant_reviewed_summary_only,선체건조기능사는 선체구축물을 설치하고 도면에 따라 선체를 건조 및 수리하는 업무를 수행한다.,True,False,
6910,선체설계기능사,assistant_reviewed_summary_only,선체설계기능사는 선박설계자가 의도한 바를 현장에서 작업자가 정확히 읽고 작업할 수 있도록 도면을 작성하는 직무를 수행한다.,True,False,
6837,설비보전기능사,assistant_reviewed_summary_only,설비보전기능사는 설비의 효율적 보전을 위해 예방 및 사후 정비 등을 수행하는 직무이다.,True,False,
7960,세탁기능사,assistant_reviewed_summary_only,세탁기능사는 세탁 대상품의 오염물질을 제거하고 세탁물을 청결히 하여 가공처리와 다림을 수행하는 직무이다.,True,False,
7700,수산양식기능사,assistant_reviewed_summary_only,수산양식기능사는 수산양식에 관한 숙련기능을 가지고 수산생물의 양식 및 관리 업무를 수행한다.,True,False,
9771,스마트공장기능사,missing_evidence,,False,False,확인한 공식 경로에 직무 근거 없음
7940,승강기기능사,assistant_reviewed_summary_only,"승강기기능사는 승강기 보수용 장비를 사용하여 승강기를 검사, 점검 및 보수하는 업무를 수행한다.",True,False,
7482,식육처리기능사,assistant_reviewed_summary_only,식육처리기능사는 식육의 분할 및 정형작업을 신속하고 위생적으로 처리하는 직무를 수행한다.,True,False,
7591,식품가공기능사,assistant_reviewed_summary_only,"식품가공기능사는 농, 축, 수산물을 가공하여 영양가 및 저장성을 높이는 직무를 수행한다.",True,False,
7904,신발제조기능사,assistant_reviewed_summary_only,신발제조기능사는 신발을 디자인하고 제조하는 과정을 거쳐 각종 형태의 신발을 제작하는 직무를 수행한다.,True,False,
7114,신재생에너지발전설비기능사(태양광),assistant_reviewed_summary_only,신재생에너지발전설비기능사는 신재생에너지 발전소의 시공 및 유지보수 업무를 수행한다.,True,False,
7152,실내건축기능사,assistant_reviewed_summary_only,"실내건축기능사는 건축공간을 기능적, 미적으로 계획하고 공간을 구성하는 업무를 수행한다.",True,False,
7873,아스팔트피니셔운전기능사,held,,False,False,확보 자료가 진출기관·1990년대 수요 전망 중심이며 직무 설명 근거 부족
6543,압연기능사,assistant_reviewed_summary_only,압연기 롤로 금속재료의 단면적·두께를 줄여 요구된 치수·형상·성질의 제품을 생산하는 업무를 다루는 국가기술자격입니다. 최상품질 보장 표현은 제외했습니다.,True,False,
7911,양식조리기능사,assistant_reviewed_summary_only,양식조리기능사는 양식메뉴에 따라 식재료를 선정하고 조리하는 직무를 수행한다.,True,False,
7930,양화장치운전기능사,assistant_reviewed_summary_only,양화장치운전기능사는 해상운송화물을 선적하거나 하역하는 직무를 수행한다.,True,False,
7761,에너지관리기능사,assistant_reviewed_summary_only,"에너지관리기능사는 보일러 및 부대설비의 설치, 운전, 정비 업무를 수행한다.",True,False,
7932,여성복기능사,assistant_reviewed_summary_only,여성복기능사는 주어진 디자인과 치수에 맞춰 패턴을 제작하고 여성복을 제작하는 업무를 다룹니다.,True,False,
6420,열처리기능사,assistant_reviewed_summary_only,"열처리기능사는 열처리 장비를 이용하여 금속재료의 기계적, 물리적 성질을 개선하는 업무를 수행합니다.",True,False,
7302,염색기능사(날염),assistant_reviewed_summary_only,염색기능사(날염)는 섬유원료의 물성을 파악하고 날염작업을 수행하는 업무를 다룹니다.,True,False,
7301,염색기능사(침염),assistant_reviewed_summary_only,염색기능사(침염)는 섬유원료의 물성을 파악하고 침염작업을 수행하는 업무를 다룹니다.,True,False,
7161,온수온돌기능사,assistant_reviewed_summary_only,온수온돌기능사는 온돌재료를 사용하여 난방효과를 얻기 위한 온수온돌 시공을 수행합니다.,True,False,
7901,원예기능사,assistant_reviewed_summary_only,원예기능사는 원예재배에 필요한 시설을 설치하고 관리하며 생산과 수확을 수행하는 업무를 다룹니다.,True,False,
7798,웹디자인개발기능사,assistant_reviewed_summary_only,웹디자인개발기능사는 홈페이지를 기획하고 설계하여 제작하는 업무를 수행합니다.,True,False,
6697,위험물기능사,assistant_reviewed_summary_only,"위험물기능사는 위험물을 안전하게 저장, 취급, 제조하며 안전 관리 업무를 수행합니다.",True,False,
6592,유기농업기능사,assistant_reviewed_summary_only,"유기농업기능사는 유기농업의 기획과 생산, 가공, 유통 업무를 수행합니다.",True,False,
7151,유리시공기능사,assistant_reviewed_summary_only,유리시공기능사는 건축구조물에 유리를 선택하고 시공하는 업무를 수행합니다.,True,False,
6176,의료전자기능사,assistant_reviewed_summary_only,의료전자기능사는 의료기기의 구조를 이해하고 수리 및 검사를 수행하는 업무를 다룹니다.,True,False,
9774,이륜자동차정비기능사,assistant_reviewed_summary_only,이륜자동차정비기능사는 이륜자동차의 각 시스템을 진단하고 정비하는 업무를 수행합니다.,True,False,
6225,이산화탄소가스아크용접기능사,assistant_reviewed_summary_only,이산화탄소가스아크용접기능사는 용접 관련 작업을 수행하는 업무를 다룹니다.,True,False,
7908,이용사,assistant_reviewed_summary_only,이용사는 손님의 머리카락 및 수염을 다듬어 용모를 단정하게 하는 업무를 수행합니다.,True,False,
7524,인쇄기능사,assistant_reviewed_summary_only,인쇄기능사는 인쇄기계를 사용하여 다양한 인쇄물을 제작하는 업무를 수행합니다.,True,False,
7912,일식조리기능사,assistant_reviewed_summary_only,일식조리기능사는 일식메뉴에 따라 식재료를 조리하고 관리하는 업무를 수행합니다.,True,False,
6801,임베디드기능사,assistant_reviewed_summary_only,임베디드기능사는 임베디드 시스템에 펌웨어를 구현하고 테스트하는 업무를 수행합니다.,True,False,
7630,임업종묘기능사,assistant_reviewed_summary_only,임업종묘기능사는 묘포작업과 묘목 생산관리를 수행하는 업무를 다룹니다.,True,False,
7473,자기비파괴검사기능사,assistant_reviewed_summary_only,자기비파괴검사기능사는 비파괴검사 업무를 수행하는 직무를 다룹니다.,True,False,
6836,자동차보수도장기능사,assistant_reviewed_summary_only,자동차보수도장기능사는 손상된 자동차의 도장작업을 수행하여 원상회복하는 업무를 다룹니다.,True,False,
6281,자동차정비기능사,assistant_reviewed_summary_only,"자동차정비기능사는 엔진, 새시, 전기장치 등의 결함을 진단하고 수리하는 업무를 수행합니다.",True,False,
6285,자동차차체수리기능사,assistant_reviewed_summary_only,자동차차체수리기능사는 손상된 자동차 차체를 수리하고 복구하는 업무를 수행합니다.,True,False,
6415,자동화설비기능사,assistant_reviewed_summary_only,자동화설비기능사는 자동화 장비를 이용해 제품을 생산하는 업무를 수행합니다.,True,False,
7612,잠수기능사,assistant_reviewed_summary_only,잠수기능사는 잠수장비를 사용하여 수중의 물체를 조사하고 시설물을 검사하는 업무를 수행합니다.,True,False,
7780,전기기능사,assistant_reviewed_summary_only,전기기능사는 전기설비를 설치하고 보수하는 업무를 수행합니다.,True,False,
7061,전산응용건축제도기능사,assistant_reviewed_summary_only,전산응용건축제도기능사는 CAD를 이용해 건축설계를 시각화하는 업무를 수행합니다.,True,False,
6151,전산응용기계제도기능사,assistant_reviewed_summary_only,전산응용기계제도기능사는 CAD를 이용해 기계 부품 도면을 작성하는 업무를 수행합니다.,True,False,
7072,전산응용토목제도기능사,assistant_reviewed_summary_only,전산응용토목제도기능사는 컴퓨터를 이용해 토목 도면을 작성하는 업무를 수행합니다.,True,False,
6790,전자기능사,assistant_reviewed_summary_only,전자기능사는 전자기기를 조립하고 수리하는 업무를 수행합니다.,True,False,
6791,전자출판기능사,assistant_reviewed_summary_only,전자출판기능사는 출판물을 제작하는 업무를 수행합니다.,True,False,
6785,전자캐드기능사,assistant_reviewed_summary_only,전자캐드기능사는 전자회로를 설계하고 제작하는 업무를 수행합니다.,True,False,
6120,정밀측정기능사,assistant_reviewed_summary_only,정밀측정기능사는 정밀측정설비를 이용해 측정을 수행하고 유지관리하는 업무를 수행합니다.,True,False,
6892,정보기기운용기능사,assistant_reviewed_summary_only,정보기기운용기능사는 네트워크를 구성하고 정보기기를 운영하는 업무를 수행합니다.,True,False,
6515,제강기능사,assistant_reviewed_summary_only,제강기능사는 금속을 제조하는 업무를 수행합니다.,True,False,
7892,제과기능사,assistant_reviewed_summary_only,제과기능사는 제과제품을 제조하는 업무를 수행합니다.,True,False,
7893,제빵기능사,assistant_reviewed_summary_only,제빵기능사는 제빵제품을 제조하는 업무를 수행합니다.,True,False,
6500,제선기능사,assistant_reviewed_summary_only,제선기능사는 철강석을 처리하여 선철을 생산하는 업무를 수행합니다.,True,False,
6793,제품응용모델링기능사,assistant_reviewed_summary_only,제품응용모델링기능사는 제품 모델을 제작하는 업무를 수행합니다.,True,False,
7900,조경기능사,assistant_reviewed_summary_only,조경기능사는 조경 결과물을 도출하고 관리하는 업무를 수행합니다.,True,False,
7070,조적기능사,assistant_reviewed_summary_only,조적기능사는 벽돌과 블록을 쌓는 작업을 수행합니다.,True,False,
7916,조주기능사,assistant_reviewed_summary_only,조주기능사는 주류와 음료를 조주하고 고객 관리 및 경영 관리를 수행하는 업무를 다룹니다.,True,False,
7620,종자기능사,assistant_reviewed_summary_only,새 품종 육성을 위한 시험연구를 보조하고 종자·묘목의 재배·생산관리 업무를 다루는 국가기술자격입니다.,True,False,
6461,주조기능사,assistant_reviewed_summary_only,주조기능사는 금속 제품 제조를 위한 주조 작업을 수행하는 업무를 다룹니다.,True,False,
7913,중식조리기능사,assistant_reviewed_summary_only,중식조리기능사는 중식 메뉴에 따라 식재료를 관리하고 조리하는 업무를 다룹니다.,True,False,
7875,지게차운전기능사,assistant_reviewed_summary_only,지게차운전기능사는 지게차를 운전하여 물품을 적재하고 하역하는 업무를 다룹니다.,True,False,
7680,지도제작기능사,assistant_reviewed_summary_only,지도제작기능사는 측량 자료를 바탕으로 각종 지도를 제작하는 업무를 다룹니다.,True,False,
7650,지적기능사,assistant_reviewed_summary_only,지적기사·지적산업기사의 측량 업무를 보조하고 토지 등록 관련 실무를 다루는 국가기술자격입니다.,True,False,
7483,천공기운전기능사,assistant_reviewed_summary_only,천공기운전기능사는 건설 현장에서 구멍을 뚫는 작업을 수행하는 업무를 다룹니다.,True,False,
7864,천장크레인운전기능사,assistant_reviewed_summary_only,천장크레인운전기능사는 천장크레인을 운전하여 중량물을 운반하는 업무를 다룹니다.,True,False,
7080,철근기능사,assistant_reviewed_summary_only,철근기능사는 철근을 가공하고 조립하여 콘크리트를 보강하는 업무를 다룹니다.,True,False,
6772,철도전기신호기능사,assistant_reviewed_summary_only,철도전기신호기능사는 철도 신호 설비의 시공 및 유지보수를 수행하는 업무를 다룹니다.,True,False,
6352,철도차량정비기능사,assistant_reviewed_summary_only,철도차량정비기능사는 철도 차량의 정비 및 점검 업무를 다룹니다.,True,False,
7010,철도토목기능사,assistant_reviewed_summary_only,철도토목기능사는 선로 상태를 점검하고 유지하는 업무를 다룹니다.,True,False,
7472,초음파비파괴검사기능사,assistant_reviewed_summary_only,초음파비파괴검사기능사는 초음파를 이용한 비파괴검사를 수행하는 업무를 다룹니다.,True,False,
6381,축로기능사,assistant_reviewed_summary_only,축로기능사는 내화물로 각종 요로를 축조 및 관리하는 업무를 다룹니다.,True,False,
7481,축산기능사,assistant_reviewed_summary_only,축산기능사는 가축을 사육하고 관리하여 축산물을 생산하는 업무를 다룹니다.,True,False,
6980,측량기능사,assistant_reviewed_summary_only,측량기능사는 각종 측량을 실시하고 결과를 정리하는 업무를 다룹니다.,True,False,
7474,침투비파괴검사기능사,assistant_reviewed_summary_only,침투비파괴검사기능사는 침투비파괴검사를 수행하는 업무를 다룹니다.,True,False,
7835,컨테이너크레인운전기능사,assistant_reviewed_summary_only,컨테이너크레인운전기능사는 컨테이너를 운반하는 업무를 다룹니다.,True,False,
7796,컴퓨터그래픽기능사,missing_evidence,,False,False,확인한 공식 경로에 직무 근거 없음
6032,컴퓨터응용밀링기능사,assistant_reviewed_summary_only,컴퓨터응용밀링기능사는 정밀 부품을 가공하는 업무를 다룹니다.,True,False,
6012,컴퓨터응용선반기능사,assistant_reviewed_summary_only,컴퓨터응용선반기능사는 정밀한 부품을 가공하기 위해 가공 도면을 해독하고 작업계획을 수립하며 적합한 공구를 이용하여 가공하는 업무를 수행합니다.,True,False,
7020,콘크리트기능사,assistant_reviewed_summary_only,"콘크리트기능사는 콘크리트를 배합, 운반, 타설, 양생시키고 마무리하는 작업을 수행합니다.",True,False,
7834,타워크레인운전기능사,assistant_reviewed_summary_only,"타워크레인운전기능사는 타워크레인을 운전하여 중량물을 안전하게 운반 및 설치, 해체 작업을 수행합니다.",True,False,
7210,타일기능사,assistant_reviewed_summary_only,"타일기능사는 건축구조물의 내외벽, 바닥, 천장 등에 타일을 부착하는 업무를 수행합니다.",True,False,
6175,판금제관기능사,assistant_reviewed_summary_only,"판금제관기능사는 금속 및 비금속 재료를 가공하여 보일러, 철구조물 및 저장 용기류 등을 제작, 설치 및 수리하는 직무를 수행합니다.",True,False,
7646,펄프종이제조기능사,assistant_reviewed_summary_only,펄프종이제조기능사는 목재로 펄프 및 종이를 제조하는 업무를 수행합니다.,True,False,
6835,표면실장장비기능사,assistant_reviewed_summary_only,표면실장장비기능사는 전자부품을 PCB 표면에 실장하는 장비의 생산활동 및 유지보수 관리업무를 수행합니다.,True,False,
6480,표면처리기능사,assistant_reviewed_summary_only,표면처리기능사는 각종 도금에 필요한 설비를 이용하여 표면을 부식방지 또는 장식하는 업무를 수행합니다.,True,False,
8080,프레스금형기능사보,missing_evidence,,False,False,확인한 공식 경로에 직무 근거 없음
6921,프로그래밍기능사,assistant_reviewed_summary_only,프로그래밍기능사는 정보시스템 구축에 필요한 기초 프로그래밍 및 테스트 등의 업무를 수행합니다.,True,False,
7103,플라스틱창호기능사,assistant_reviewed_summary_only,플라스틱창호기능사는 플라스틱창호재의 제작 및 가공방법을 검토하여 품질향상을 유도하는 직무를 수행합니다.,True,False,
6223,피복아크용접기능사,assistant_reviewed_summary_only,피복아크용접기능사는 용접 도면을 해독하고 용접재료를 준비하여 용접을 수행하는 직무를 담당합니다.,True,False,
7917,피아노조율기능사,assistant_reviewed_summary_only,피아노조율기능사는 피아노의 음률과 음색을 조정하고 수리하는 직무를 수행합니다.,True,False,
7723,한복기능사,assistant_reviewed_summary_only,한복기능사는 전통복식의 변화와 섬유의 특성을 이해하여 한복을 디자인하고 제작하는 직무를 수행합니다.,True,False,
7910,한식조리기능사,assistant_reviewed_summary_only,한식조리기능사는 한식메뉴 계획에 따라 식재료를 선정하고 조리하는 직무를 수행합니다.,True,False,
6288,항공기정비기능사,assistant_reviewed_summary_only,항공기정비기능사는 항공기 기체 및 엔진을 정비하여 감항성을 유지하는 직무를 수행합니다.,True,False,
7670,항공사진기능사,assistant_reviewed_summary_only,항공사진기능사는 촬영된 항공사진의 품질을 검토하고 자료를 처리하는 업무를 수행합니다.,True,False,
6289,항공전기·전자정비기능사,assistant_reviewed_summary_only,항공전기·전자정비기능사는 항공기 전기·전자 계통을 정비하여 비행에 적합하도록 하는 직무를 수행합니다.,True,False,
6351,항로표지기능사,assistant_reviewed_summary_only,"항로표지기능사는 항로표지의 조작과 운전, 보수, 정비 등의 업무를 수행합니다.",True,False,
7970,화약취급기능사,assistant_reviewed_summary_only,화약취급기능사는 화약류의 판매 및 저장업무 보조와 발파에 관한 보조업무를 수행합니다.,True,False,
6560,화학분석기능사,assistant_reviewed_summary_only,화학분석기능사는 물질을 분석하여 성분의 종류나 조성비를 파악하는 업무를 수행합니다.,True,False,
7625,화훼장식기능사,assistant_reviewed_summary_only,"화훼장식기능사는 화훼장식 전문성을 바탕으로 실내외 공간의 장식물 계획, 디자인, 제작, 유지 및 관리 업무를 수행합니다.",True,False,
7918,환경기능사,assistant_reviewed_summary_only,환경기능사는 생활하수 및 산업폐기물의 정화와 처리를 위한 관련 장비를 조작하는 직무를 수행합니다.,True,False,
9500,공인노무사,assistant_reviewed_summary_only,"공인노무사는 노동관계 법령에 따라 신고, 신청, 보고 및 상담 등의 업무를 수행합니다.",True,False,
9503,가맹거래사,assistant_reviewed_summary_only,가맹사업의 사업성 검토와 정보공개서·가맹계약서 작성에 관한 상담·자문 등의 업무를 다루는 국가전문자격입니다.,True,False,
9630,공인중개사,assistant_reviewed_summary_and_roles,부동산 중개를 중심으로 관리대행·컨설팅 등의 업무와 관련된 국가전문자격입니다.,True,True,
9502,기계경비지도사,assistant_reviewed_summary_and_roles,기계경비 업무를 수행하는 경비원에게 전문지식을 전수하고 지도·감독하는 국가전문자격입니다.,True,True,
9501,일반경비지도사,held,,False,False,경비업 전체 종류의 설명을 일반경비지도사의 고유 수행직무로 사용할 수 없음
9641,세무사,assistant_reviewed_summary_only,세무사는 납세자의 위임을 받아 조세에 관한 신고 및 상담 등의 업무를 수행합니다.,True,False,
9640,관세사,assistant_reviewed_summary_only,수출입물품의 과세가격·세액 계산과 수출입 신고·상담 등의 업무를 다루는 국가전문자격입니다.,True,False,
9722,외국어번역행정사,assistant_reviewed_summary_only,외국어번역행정사는 행정기관 업무 관련 서류의 번역 및 제출 대행 업무를 수행합니다.,True,False,
9721,일반행정사,assistant_reviewed_summary_only,일반행정사는 행정기관에 제출하는 서류의 작성 및 제출 대행 업무를 수행합니다.,True,False,
9723,해사행정사,assistant_reviewed_summary_only,해사행정사는 해운 또는 해양안전심판 관련 행정업무를 수행합니다.,True,False,
9657,소방안전교육사,assistant_reviewed_summary_only,소방안전교육사는 소방안전교육의 기획 및 진행 업무를 수행합니다.,True,False,
9658,소방시설관리사,assistant_reviewed_summary_only,"소방시설관리사는 소방시설의 점검 및 정비, 화재 예방 관련 업무를 수행합니다.",True,False,
9659,박물관및미술관준학예사,assistant_reviewed_summary_only,학예 업무에 관한 공통 소개를 기준으로 박물관·미술관 자료의 수집·관리·전시 등을 다룹니다. 준학예사의 독립 업무 범위를 확정하는 설명은 아닙니다.,True,False,
9660,한국어교육능력검정시험,held,,False,False,양성과정·시험 합격에 따른 자격 부여 조건을 직무 설명으로 사용할 수 없음
9625,관광통역안내사(독어),assistant_reviewed_summary_only,관광통역안내사(독어)는 외국인에게 관광지 설명 및 여행 안내 업무를 수행합니다.,True,False,
9627,관광통역안내사(러시아어),assistant_reviewed_summary_only,관광통역안내사(러시아어)는 외국인에게 관광지 설명 및 여행 안내 업무를 수행합니다.,True,False,
9634,관광통역안내사(말레이/인도네시아어),assistant_reviewed_summary_only,관광통역안내사(말레이/인도네시아어)는 외국인에게 관광지 설명 및 여행 안내 업무를 수행합니다.,True,False,
9633,관광통역안내사(베트남어),assistant_reviewed_summary_only,관광통역안내사(베트남어)는 외국인에게 관광지 설명 및 여행 안내 업무를 수행합니다.,True,False,
9624,관광통역안내사(불어),assistant_reviewed_summary_only,관광통역안내사는 외국인 관광객에게 관광지와 관광대상물을 설명하고 여행을 안내하는 업무를 수행합니다.,True,False,
9626,관광통역안내사(스페인어),assistant_reviewed_summary_only,관광통역안내사는 외국인 관광객에게 관광지와 관광대상물을 설명하고 여행을 안내하는 업무를 수행합니다.,True,False,
9635,관광통역안내사(아랍어),assistant_reviewed_summary_only,관광통역안내사는 외국인 관광객에게 관광지와 관광대상물을 설명하고 여행을 안내하는 업무를 수행합니다.,True,False,
9661,관광통역안내사(영어),assistant_reviewed_summary_and_roles,외국어로 국내 관광지를 설명하고 외국인 관광객의 여행을 안내하는 국가전문자격입니다. 이 종목은 영어 구분입니다.,True,True,
9631,관광통역안내사(이탈리아어),assistant_reviewed_summary_only,관광통역안내사는 외국인 관광객에게 관광지와 관광대상물을 설명하고 여행을 안내하는 업무를 수행합니다.,True,False,
9628,관광통역안내사(일본어),assistant_reviewed_summary_only,관광통역안내사는 외국인 관광객에게 관광지와 관광대상물을 설명하고 여행을 안내하는 업무를 수행합니다.,True,False,
9629,관광통역안내사(중국어),assistant_reviewed_summary_only,관광통역안내사는 외국인 관광객에게 관광지와 관광대상물을 설명하고 여행을 안내하는 업무를 수행합니다.,True,False,
9632,관광통역안내사(태국어),assistant_reviewed_summary_only,관광통역안내사는 외국인 관광객에게 관광지와 관광대상물을 설명하고 여행을 안내하는 업무를 수행합니다.,True,False,
9663,호텔관리사,held,,False,False,호텔 등급에 따른 직무 범위가 포함돼 현재 등급·법적 업무 범위 재확인 필요
9662,호텔경영사,assistant_reviewed_summary_only,호텔경영사는 호텔의 관리 및 운영에 대한 계획을 수립하고 조정하는 업무를 수행합니다.,True,False,
9664,국내여행안내사,assistant_reviewed_summary_only,국내여행안내사는 국내 관광객을 대상으로 여행 서비스 제공 업무를 수행합니다.,True,False,
9665,호텔서비스사,assistant_reviewed_summary_only,호텔서비스사는 호텔에서 고객에게 다양한 서비스를 제공하는 업무를 수행합니다.,True,False,
9667,국가유산수리기술자(단청),assistant_reviewed_summary_only,국가유산수리기술자는 단청 분야의 시공 및 감리 업무를 수행합니다.,True,False,
9666,국가유산수리기술자(보수),assistant_reviewed_summary_only,국가유산수리기술자는 건축 및 토목공사의 시공 및 감리 업무를 수행합니다.,True,False,
9670,국가유산수리기술자(보존과학),assistant_reviewed_summary_only,공식 별표의 업무 소개를 기준으로 동산문화유산을 제외한 보존처리 시공·감리 업무를 다루는 국가전문자격입니다.,True,False,
9671,국가유산수리기술자(식물보호),assistant_reviewed_summary_only,국가유산수리기술자는 식물의 보존 및 보호를 위한 업무를 수행합니다.,True,False,
9668,국가유산수리기술자(실측설계),assistant_reviewed_summary_only,국가유산수리기술자는 실측설계 도서의 작성 및 감리 업무를 수행합니다.,True,False,
9669,국가유산수리기술자(조경),assistant_reviewed_summary_only,국가유산수리기술자는 조경공사의 계획과 시공 및 감리 업무를 수행합니다.,True,False,
9674,국가유산수리기능자(가공석공),assistant_reviewed_summary_only,국가유산수리기능자는 석재의 가공 및 관련 업무를 수행합니다.,True,False,
9672,국가유산수리기능자(대목수),assistant_reviewed_summary_only,국가유산수리기능자는 목조건조물의 해체 및 조립 업무를 수행합니다.,True,False,
9685,국가유산수리기능자(도금공),assistant_reviewed_summary_only,도금 및 관련 업무를 다루는 자격입니다.,True,False,
9677,국가유산수리기능자(드잡이공),assistant_reviewed_summary_only,구조물을 해체하지 않고 도구로 기울거나 내려앉은 부분을 바로잡는 드잡이 작업을 다루는 국가전문자격입니다.,True,False,
9706,국가유산수리기능자(모사공),assistant_reviewed_summary_only,서화류의 모사 및 관련 업무를 다루는 자격입니다.,True,False,
9682,국가유산수리기능자(목조각공),assistant_reviewed_summary_only,목재를 이용한 조각 및 관련 업무를 다루는 자격입니다.,True,False,
9693,국가유산수리기능자(박제및표본제작공),assistant_reviewed_summary_only,박제 및 표본 제작과 관련된 업무를 다루는 자격입니다.,True,False,
9678,국가유산수리기능자(번와와공),assistant_reviewed_summary_only,기와의 해체 및 관련 업무를 다루는 자격입니다.,True,False,
9690,국가유산수리기능자(보존처리공),assistant_reviewed_summary_only,보존 처리 및 관련 업무를 다루는 자격입니다.,True,False,
9683,국가유산수리기능자(석조각공),assistant_reviewed_summary_only,석재를 이용한 조각 및 관련 업무를 다루는 자격입니다.,True,False,
9688,국가유산수리기능자(세척공),assistant_reviewed_summary_only,세척 및 관련 업무를 다루는 자격입니다.,True,False,
9673,국가유산수리기능자(소목수),assistant_reviewed_summary_only,공식 별표의 업무 소개를 기준으로 목조건조물의 창호·닫집 등 유사 구조물의 제작·설치·보수 작업을 다루는 국가전문자격입니다.,True,False,
9691,국가유산수리기능자(식물보호공),assistant_reviewed_summary_only,식물의 보존 및 관련 업무를 다루는 자격입니다.,True,False,
9692,국가유산수리기능자(실측설계사보),assistant_reviewed_summary_only,실측 및 설계 도서 작성과 관련된 업무를 다루는 자격입니다.,True,False,
9675,국가유산수리기능자(쌓기석공),assistant_reviewed_summary_only,석조물의 축조 및 관련 업무를 다루는 자격입니다.,True,False,
9694,국가유산수리기능자(온돌공),assistant_reviewed_summary_only,온돌의 해체 및 관련 업무를 다루는 자격입니다.,True,False,
9679,국가유산수리기능자(제작와공),assistant_reviewed_summary_only,기와 및 전돌 등의 제작과 관련된 업무를 다루는 자격입니다.,True,False,
9687,국가유산수리기능자(조경공),assistant_reviewed_summary_only,조경의 시공 및 관련 업무를 다루는 자격입니다.,True,False,
9681,국가유산수리기능자(철물공),assistant_reviewed_summary_only,철물 등의 제작 및 관련 업무를 다루는 자격입니다.,True,False,
9684,국가유산수리기능자(칠공),assistant_reviewed_summary_only,전통 재료를 이용한 칠 및 관련 업무를 다루는 자격입니다.,True,False,
9686,국가유산수리기능자(표구공),assistant_reviewed_summary_only,표구 및 관련 업무를 다루는 자격입니다.,True,False,
9680,국가유산수리기능자(한식미장공),assistant_reviewed_summary_only,미장 및 관련 업무를 다루는 자격입니다.,True,False,
9676,국가유산수리기능자(화공),assistant_reviewed_summary_only,공식 별표의 업무 소개를 기준으로 단청·불화 관련 작업을 다루는 국가전문자격입니다.,True,False,
9689,국가유산수리기능자(훈증공),assistant_reviewed_summary_only,공식 별표의 업무 소개를 기준으로 재료·자재의 살균·살충·방부를 위한 훈증 작업을 다루는 국가전문자격입니다.,True,False,
9695,농산물품질관리사,assistant_reviewed_summary_only,농산물의 등급판정과 출하시기 조절·품질관리 관련 자문 업무를 다루는 국가전문자격입니다.,True,False,
9697,경매사(수산),assistant_reviewed_summary_only,경매사 공통 업무 소개를 기준으로 농수산물의 경매우선순위 결정·가격평가·경락자 결정 업무를 다룹니다. 이 종목은 수산 구분입니다.,True,False,
9700,경매사(약용),assistant_reviewed_summary_only,경매사 공통 업무 소개를 기준으로 농수산물의 경매우선순위 결정·가격평가·경락자 결정 업무를 다룹니다. 이 종목은 약용 구분입니다.,True,False,
9728,경매사(양곡),assistant_reviewed_summary_only,경매사 공통 업무 소개를 기준으로 농수산물의 경매우선순위 결정·가격평가·경락자 결정 업무를 다룹니다. 이 종목은 양곡 구분입니다.,True,False,
9696,경매사(청과),assistant_reviewed_summary_only,경매사 공통 업무 소개를 기준으로 농수산물의 경매우선순위 결정·가격평가·경락자 결정 업무를 다룹니다. 이 종목은 청과 구분입니다.,True,False,
9698,경매사(축산),assistant_reviewed_summary_only,경매사 공통 업무 소개를 기준으로 농수산물의 경매우선순위 결정·가격평가·경락자 결정 업무를 다룹니다. 이 종목은 축산 구분입니다.,True,False,
9699,경매사(화훼),assistant_reviewed_summary_only,경매사 공통 업무 소개를 기준으로 농수산물의 경매우선순위 결정·가격평가·경락자 결정 업무를 다룹니다. 이 종목은 화훼 구분입니다.,True,False,
9705,경영지도사(1차공통),held,,False,False,1차공통은 경영지도사 시험 구분이며 독립된 추천 자격으로 표시하지 않음
9704,경영지도사(마케팅),assistant_reviewed_summary_only,경영지도사 공통 업무 소개를 기준으로 경영 진단·지도와 상담·자문 업무를 다룹니다. 이 종목은 마케팅 구분입니다.,True,False,
9703,경영지도사(생산관리),assistant_reviewed_summary_only,경영지도사 공통 업무 소개를 기준으로 경영 진단·지도와 상담·자문 업무를 다룹니다. 이 종목은 생산관리 구분입니다.,True,False,
9701,경영지도사(인적자원관리),assistant_reviewed_summary_only,경영지도사 공통 업무 소개를 기준으로 경영 진단·지도와 상담·자문 업무를 다룹니다. 이 종목은 인적자원관리 구분입니다.,True,False,
9702,경영지도사(재무관리),assistant_reviewed_summary_only,경영지도사 공통 업무 소개를 기준으로 경영 진단·지도와 상담·자문 업무를 다룹니다. 이 종목은 재무관리 구분입니다.,True,False,
9729,기술지도사(1차공통),held,,False,False,1차공통은 기술지도사 시험 구분이며 독립된 추천 자격으로 표시하지 않음
9758,기술지도사(기술혁신관리),assistant_reviewed_summary_only,기술지도사 공통 업무 소개를 기준으로 기술 진단·지도와 상담·자문 업무를 다룹니다. 이 종목은 기술혁신관리 구분입니다.,True,False,
9759,기술지도사(정보기술관리),assistant_reviewed_summary_only,기술지도사 공통 업무 소개를 기준으로 기술 진단·지도와 상담·자문 업무를 다룹니다. 이 종목은 정보기술관리 구분입니다.,True,False,
9737,변리사,assistant_reviewed_summary_only,산업재산권에 관한 상담·자문과 권리 취득 관련 절차를 다루는 국가전문자격입니다. 독점 대리권·소송 권한의 범위를 확정하는 설명은 아닙니다.,True,False,
9738,사회복지사 1급,assistant_reviewed_summary_only,사회복지 프로그램의 개발·운영과 생활지도·상담 업무를 다루는 국가전문자격입니다.,True,False,
9739,정수시설운영관리사1급,assistant_reviewed_summary_only,정수시설운영관리사 공통 업무 소개를 기준으로 수돗물 공급·수도시설·수질관리 업무를 다룹니다. 등급별 업무 범위는 별도 확인이 필요합니다.,True,False,
9740,정수시설운영관리사2급,assistant_reviewed_summary_only,정수시설운영관리사 공통 업무 소개를 기준으로 수돗물 공급·수도시설·수질관리 업무를 다룹니다. 등급별 업무 범위는 별도 확인이 필요합니다.,True,False,
9741,정수시설운영관리사3급,assistant_reviewed_summary_only,정수시설운영관리사 공통 업무 소개를 기준으로 수돗물 공급·수도시설·수질관리 업무를 다룹니다. 등급별 업무 범위는 별도 확인이 필요합니다.,True,False,
9714,산업안전지도사(건설안전),assistant_reviewed_summary_only,산업안전 분야의 안전성 평가 및 기술지도를 수행합니다.,True,False,
9711,산업안전지도사(기계안전),assistant_reviewed_summary_only,산업안전 분야의 안전성 평가 및 기술지도를 수행합니다.,True,False,
9712,산업안전지도사(전기안전),assistant_reviewed_summary_only,산업안전 분야의 안전성 평가 및 기술지도를 수행합니다.,True,False,
9713,산업안전지도사(화공안전),assistant_reviewed_summary_only,산업안전 분야의 안전성 평가 및 기술지도를 수행합니다.,True,False,
9716,산업보건지도사(산업위생공학),assistant_reviewed_summary_only,작업환경측정에 대한 공학적인 개선대책 기술지도를 수행합니다.,True,False,
9715,산업보건지도사(직업환경의학),assistant_reviewed_summary_only,작업환경측정에 대한 공학적인 개선대책 기술지도를 수행합니다.,True,False,
9744,주택관리사보,assistant_reviewed_summary_only,공동주택의 운영 관리 및 유지 보수를 수행합니다.,True,False,
9745,감정평가사,assistant_reviewed_summary_only,자산의 조사 및 평가를 수행합니다.,True,False,
9746,물류관리사,assistant_reviewed_summary_only,물류의 전체 영역을 관리합니다.,True,False,
9747,검수사,assistant_reviewed_summary_only,화물의 개수 계산 및 인도·인수 증명을 수행합니다.,True,False,
9748,검량사,assistant_reviewed_summary_only,화물의 용적 또는 중량 계산 및 증명을 수행합니다.,True,False,
9749,감정사,assistant_reviewed_summary_only,선적화물 및 선박에 관련된 증명 및 조사를 수행합니다.,True,False,
9750,1급 청소년지도사,assistant_reviewed_summary_only,청소년활동 지원 및 청소년복지증진 관련 직무를 수행합니다.,True,False,
9751,2급 청소년지도사,assistant_reviewed_summary_only,청소년활동 지원 및 청소년복지증진 관련 직무를 수행합니다.,True,False,
9752,3급 청소년지도사,assistant_reviewed_summary_only,청소년활동 지원 및 청소년복지증진 관련 직무를 수행합니다.,True,False,
9753,1급 청소년상담사,assistant_reviewed_summary_only,청소년의 보호선도 및 건전생활 지도를 수행합니다.,True,False,
9754,2급 청소년상담사,assistant_reviewed_summary_only,청소년의 보호선도 및 건전생활 지도를 수행합니다.,True,False,
9755,3급 청소년상담사,assistant_reviewed_summary_only,청소년의 보호선도 및 건전생활 지도를 수행합니다.,True,False,
9762,수산물품질관리사,assistant_reviewed_summary_only,수산물품질관리사는 수산물의 등급판정 및 품질관리를 담당하는 업무를 수행합니다.,True,False,
9763,손해평가사,assistant_reviewed_summary_only,손해평가사는 피해사실 확인 및 보험가액 평가를 수행하는 업무를 다룹니다.,True,False,
